query_id,source_id,board_index,crop_x,crop_y,crop_w,crop_h,crop_x1,crop_y1,long_side,short_side,aspect,query_rotation_deg,expected_alignment_angle_deg,source_width,source_height,aged_query_path,ground_truth_mask_path
log1_board1,log1,1,2325,1596,851,223,3176,1819,851,223,3.81614350,180,180,4624,3468,/home/sshirodk/Documents/Biomtrace-new/matching/spatial/ducret-autun-t2-virtual-sawn-full-similarity/seg/log1_board1.jpg,/home/sshirodk/Documents/Biomtrace-new/matching/spatial/ducret-traceability-evaluation-v18/dataset/localization_ground_truth_masks/log1_board1.png
log1_board2,log1,2,2618,1311,422,1027,3040,2338,1027,422,2.43364929,0,0,4624,3468,/home/sshirodk/Documents/Biomtrace-new/matching/spatial/ducret-autun-t2-virtual-sawn-full-similarity/seg/log1_board2.jpg,/home/sshirodk/Documents/Biomtrace-new/matching/spatial/ducret-traceability-evaluation-v18/dataset/localization_ground_truth_masks/log1_board2.png
log1_board3,log1,3,2216,1410,1044,319,3260,1729,1044,319,3.27272727,0,0,4624,3468,/home/sshirodk/Documents/Biomtrace-new/matching/spatial/ducret-autun-t2-virtual-sawn-full-similarity/seg/log1_board3.jpg,/home/sshirodk/Documents/Biomtrace-new/matching/spatial/ducret-traceability-evaluation-v18/dataset/localization_ground_truth_masks/log1_board3.png
log1_board4,log1,4,2359,845,296,930,2655,1775,930,296,3.14189189,180,180,4624,3468,/home/sshirodk/Documents/Biomtrace-new/matching/spatial/ducret-autun-t2-virtual-sawn-full-similarity/seg/log1_board4.jpg,/home/sshirodk/Documents/Biomtrace-new/matching/spatial/ducret-traceability-evaluation-v18/dataset/localization_ground_truth_masks/log1_board4.png
log1_board5,log1,5,2584,1095,393,965,2977,2060,965,393,2.45547074,180,180,4624,3468,/home/sshirodk/Documents/Biomtrace-new/matching/spatial/ducret-autun-t2-virtual-sawn-full-similarity/seg/log1_board5.jpg,/home/sshirodk/Documents/Biomtrace-new/matching/spatial/ducret-traceability-evaluation-v18/dataset/localization_ground_truth_masks/log1_board5.png
log1_board6,log1,6,2294,1417,384,1030,2678,2447,1030,384,2.68229167,270,90,4624,3468,/home/sshirodk/Documents/Biomtrace-new/matching/spatial/ducret-autun-t2-virtual-sawn-full-similarity/seg/log1_board6.jpg,/home/sshirodk/Documents/Biomtrace-new/matching/spatial/ducret-traceability-evaluation-v18/dataset/localization_ground_truth_masks/log1_board6.png
log1_board7,log1,7,2985,1804,913,412,3898,2216,913,412,2.21601942,270,90,4624,3468,/home/sshirodk/Documents/Biomtrace-new/matching/spatial/ducret-autun-t2-virtual-sawn-full-similarity/seg/log1_board7.jpg,/home/sshirodk/Documents/Biomtrace-new/matching/spatial/ducret-traceability-evaluation-v18/dataset/localization_ground_truth_masks/log1_board7.png
log1_board8,log1,8,3442,1051,229,849,3671,1900,849,229,3.70742358,180,180,4624,3468,/home/sshirodk/Documents/Biomtrace-new/matching/spatial/ducret-autun-t2-virtual-sawn-full-similarity/seg/log1_board8.jpg,/home/sshirodk/Documents/Biomtrace-new/matching/spatial/ducret-traceability-evaluation-v18/dataset/localization_ground_truth_masks/log1_board8.png
log1_board9,log1,9,2872,1915,801,276,3673,2191,801,276,2.90217391,180,180,4624,3468,/home/sshirodk/Documents/Biomtrace-new/matching/spatial/ducret-autun-t2-virtual-sawn-full-similarity/seg/log1_board9.jpg,/home/sshirodk/Documents/Biomtrace-new/matching/spatial/ducret-traceability-evaluation-v18/dataset/localization_ground_truth_masks/log1_board9.png
log1_board10,log1,10,2812,2299,875,250,3687,2549,875,250,3.50000000,270,90,4624,3468,/home/sshirodk/Documents/Biomtrace-new/matching/spatial/ducret-autun-t2-virtual-sawn-full-similarity/seg/log1_board10.jpg,/home/sshirodk/Documents/Biomtrace-new/matching/spatial/ducret-traceability-evaluation-v18/dataset/localization_ground_truth_masks/log1_board10.png
log2_board1,log2,1,2651,1555,800,262,3451,1817,800,262,3.05343511,0,0,4624,3468,/home/sshirodk/Documents/Biomtrace-new/matching/spatial/ducret-autun-t2-virtual-sawn-full-similarity/seg/log2_board1.jpg,/home/sshirodk/Documents/Biomtrace-new/matching/spatial/ducret-traceability-evaluation-v18/dataset/localization_ground_truth_masks/log2_board1.png
log2_board2,log2,2,2562,1276,213,709,2775,1985,709,213,3.32863850,180,180,4624,3468,/home/sshirodk/Documents/Biomtrace-new/matching/spatial/ducret-autun-t2-virtual-sawn-full-similarity/seg/log2_board2.jpg,/home/sshirodk/Documents/Biomtrace-new/matching/spatial/ducret-traceability-evaluation-v18/dataset/localization_ground_truth_masks/log2_board2.png
log2_board3,log2,3,3008,1938,291,713,3299,2651,713,291,2.45017182,180,180,4624,3468,/home/sshirodk/Documents/Biomtrace-new/matching/spatial/ducret-autun-t2-virtual-sawn-full-similarity/seg/log2_board3.jpg,/home/sshirodk/Documents/Biomtrace-new/matching/spatial/ducret-traceability-evaluation-v18/dataset/localization_ground_truth_masks/log2_board3.png
log2_board4,log2,4,3014,994,388,808,3402,1802,808,388,2.08247423,180,180,4624,3468,/home/sshirodk/Documents/Biomtrace-new/matching/spatial/ducret-autun-t2-virtual-sawn-full-similarity/seg/log2_board4.jpg,/home/sshirodk/Documents/Biomtrace-new/matching/spatial/ducret-traceability-evaluation-v18/dataset/localization_ground_truth_masks/log2_board4.png
log2_board5,log2,5,3184,1705,752,273,3936,1978,752,273,2.75457875,270,90,4624,3468,/home/sshirodk/Documents/Biomtrace-new/matching/spatial/ducret-autun-t2-virtual-sawn-full-similarity/seg/log2_board5.jpg,/home/sshirodk/Documents/Biomtrace-new/matching/spatial/ducret-traceability-evaluation-v18/dataset/localization_ground_truth_masks/log2_board5.png
log2_board6,log2,6,2645,2532,851,221,3496,2753,851,221,3.85067873,90,270,4624,3468,/home/sshirodk/Documents/Biomtrace-new/matching/spatial/ducret-autun-t2-virtual-sawn-full-similarity/seg/log2_board6.jpg,/home/sshirodk/Documents/Biomtrace-new/matching/spatial/ducret-traceability-evaluation-v18/dataset/localization_ground_truth_masks/log2_board6.png
log2_board7,log2,7,2943,2085,221,785,3164,2870,785,221,3.55203620,0,0,4624,3468,/home/sshirodk/Documents/Biomtrace-new/matching/spatial/ducret-autun-t2-virtual-sawn-full-similarity/seg/log2_board7.jpg,/home/sshirodk/Documents/Biomtrace-new/matching/spatial/ducret-traceability-evaluation-v18/dataset/localization_ground_truth_masks/log2_board7.png
log2_board8,log2,8,2943,1658,848,308,3791,1966,848,308,2.75324675,180,180,4624,3468,/home/sshirodk/Documents/Biomtrace-new/matching/spatial/ducret-autun-t2-virtual-sawn-full-similarity/seg/log2_board8.jpg,/home/sshirodk/Documents/Biomtrace-new/matching/spatial/ducret-traceability-evaluation-v18/dataset/localization_ground_truth_masks/log2_board8.png
log2_board9,log2,9,2417,1311,242,867,2659,2178,867,242,3.58264463,0,0,4624,3468,/home/sshirodk/Documents/Biomtrace-new/matching/spatial/ducret-autun-t2-virtual-sawn-full-similarity/seg/log2_board9.jpg,/home/sshirodk/Documents/Biomtrace-new/matching/spatial/ducret-traceability-evaluation-v18/dataset/localization_ground_truth_masks/log2_board9.png
log2_board10,log2,10,2847,2036,273,809,3120,2845,809,273,2.96336996,90,270,4624,3468,/home/sshirodk/Documents/Biomtrace-new/matching/spatial/ducret-autun-t2-virtual-sawn-full-similarity/seg/log2_board10.jpg,/home/sshirodk/Documents/Biomtrace-new/matching/spatial/ducret-traceability-evaluation-v18/dataset/localization_ground_truth_masks/log2_board10.png
log3_board1,log3,1,1959,1600,839,252,2798,1852,839,252,3.32936508,180,180,4624,3468,/home/sshirodk/Documents/Biomtrace-new/matching/spatial/ducret-autun-t2-virtual-sawn-full-similarity/seg/log3_board1.jpg,/home/sshirodk/Documents/Biomtrace-new/matching/spatial/ducret-traceability-evaluation-v18/dataset/localization_ground_truth_masks/log3_board1.png
log3_board2,log3,2,2634,1907,358,814,2992,2721,814,358,2.27374302,270,90,4624,3468,/home/sshirodk/Documents/Biomtrace-new/matching/spatial/ducret-autun-t2-virtual-sawn-full-similarity/seg/log3_board2.jpg,/home/sshirodk/Documents/Biomtrace-new/matching/spatial/ducret-traceability-evaluation-v18/dataset/localization_ground_truth_masks/log3_board2.png
log3_board3,log3,3,1651,1997,878,230,2529,2227,878,230,3.81739130,0,0,4624,3468,/home/sshirodk/Documents/Biomtrace-new/matching/spatial/ducret-autun-t2-virtual-sawn-full-similarity/seg/log3_board3.jpg,/home/sshirodk/Documents/Biomtrace-new/matching/spatial/ducret-traceability-evaluation-v18/dataset/localization_ground_truth_masks/log3_board3.png
log3_board4,log3,4,2046,1083,825,384,2871,1467,825,384,2.14843750,90,270,4624,3468,/home/sshirodk/Documents/Biomtrace-new/matching/spatial/ducret-autun-t2-virtual-sawn-full-similarity/seg/log3_board4.jpg,/home/sshirodk/Documents/Biomtrace-new/matching/spatial/ducret-traceability-evaluation-v18/dataset/localization_ground_truth_masks/log3_board4.png
log3_board5,log3,5,1660,1512,823,391,2483,1903,823,391,2.10485934,270,90,4624,3468,/home/sshirodk/Documents/Biomtrace-new/matching/spatial/ducret-autun-t2-virtual-sawn-full-similarity/seg/log3_board5.jpg,/home/sshirodk/Documents/Biomtrace-new/matching/spatial/ducret-traceability-evaluation-v18/dataset/localization_ground_truth_masks/log3_board5.png
log3_board6,log3,6,2114,1415,296,987,2410,2402,987,296,3.33445946,270,90,4624,3468,/home/sshirodk/Documents/Biomtrace-new/matching/spatial/ducret-autun-t2-virtual-sawn-full-similarity/seg/log3_board6.jpg,/home/sshirodk/Documents/Biomtrace-new/matching/spatial/ducret-traceability-evaluation-v18/dataset/localization_ground_truth_masks/log3_board6.png
log3_board7,log3,7,1365,2098,1056,438,2421,2536,1056,438,2.41095890,270,90,4624,3468,/home/sshirodk/Documents/Biomtrace-new/matching/spatial/ducret-autun-t2-virtual-sawn-full-similarity/seg/log3_board7.jpg,/home/sshirodk/Documents/Biomtrace-new/matching/spatial/ducret-traceability-evaluation-v18/dataset/localization_ground_truth_masks/log3_board7.png
log3_board8,log3,8,1758,1572,396,926,2154,2498,926,396,2.33838384,0,0,4624,3468,/home/sshirodk/Documents/Biomtrace-new/matching/spatial/ducret-autun-t2-virtual-sawn-full-similarity/seg/log3_board8.jpg,/home/sshirodk/Documents/Biomtrace-new/matching/spatial/ducret-traceability-evaluation-v18/dataset/localization_ground_truth_masks/log3_board8.png
log3_board9,log3,9,2424,2000,309,996,2733,2996,996,309,3.22330097,180,180,4624,3468,/home/sshirodk/Documents/Biomtrace-new/matching/spatial/ducret-autun-t2-virtual-sawn-full-similarity/seg/log3_board9.jpg,/home/sshirodk/Documents/Biomtrace-new/matching/spatial/ducret-traceability-evaluation-v18/dataset/localization_ground_truth_masks/log3_board9.png
log3_board10,log3,10,1826,2179,994,434,2820,2613,994,434,2.29032258,0,0,4624,3468,/home/sshirodk/Documents/Biomtrace-new/matching/spatial/ducret-autun-t2-virtual-sawn-full-similarity/seg/log3_board10.jpg,/home/sshirodk/Documents/Biomtrace-new/matching/spatial/ducret-traceability-evaluation-v18/dataset/localization_ground_truth_masks/log3_board10.png
log4_board1,log4,1,1506,1997,1022,262,2528,2259,1022,262,3.90076336,0,0,4624,3468,/home/sshirodk/Documents/Biomtrace-new/matching/spatial/ducret-autun-t2-virtual-sawn-full-similarity/seg/log4_board1.jpg,/home/sshirodk/Documents/Biomtrace-new/matching/spatial/ducret-traceability-evaluation-v18/dataset/localization_ground_truth_masks/log4_board1.png
log4_board2,log4,2,2531,1487,264,1032,2795,2519,1032,264,3.90909091,270,90,4624,3468,/home/sshirodk/Documents/Biomtrace-new/matching/spatial/ducret-autun-t2-virtual-sawn-full-similarity/seg/log4_board2.jpg,/home/sshirodk/Documents/Biomtrace-new/matching/spatial/ducret-traceability-evaluation-v18/dataset/localization_ground_truth_masks/log4_board2.png
log4_board3,log4,3,1389,1116,358,955,1747,2071,955,358,2.66759777,0,0,4624,3468,/home/sshirodk/Documents/Biomtrace-new/matching/spatial/ducret-autun-t2-virtual-sawn-full-similarity/seg/log4_board3.jpg,/home/sshirodk/Documents/Biomtrace-new/matching/spatial/ducret-traceability-evaluation-v18/dataset/localization_ground_truth_masks/log4_board3.png
log4_board4,log4,4,1541,1918,1079,402,2620,2320,1079,402,2.68407960,180,180,4624,3468,/home/sshirodk/Documents/Biomtrace-new/matching/spatial/ducret-autun-t2-virtual-sawn-full-similarity/seg/log4_board4.jpg,/home/sshirodk/Documents/Biomtrace-new/matching/spatial/ducret-traceability-evaluation-v18/dataset/localization_ground_truth_masks/log4_board4.png
log4_board5,log4,5,1802,1160,445,896,2247,2056,896,445,2.01348315,270,90,4624,3468,/home/sshirodk/Documents/Biomtrace-new/matching/spatial/ducret-autun-t2-virtual-sawn-full-similarity/seg/log4_board5.jpg,/home/sshirodk/Documents/Biomtrace-new/matching/spatial/ducret-traceability-evaluation-v18/dataset/localization_ground_truth_masks/log4_board5.png
log4_board6,log4,6,2433,1101,866,232,3299,1333,866,232,3.73275862,270,90,4624,3468,/home/sshirodk/Documents/Biomtrace-new/matching/spatial/ducret-autun-t2-virtual-sawn-full-similarity/seg/log4_board6.jpg,/home/sshirodk/Documents/Biomtrace-new/matching/spatial/ducret-traceability-evaluation-v18/dataset/localization_ground_truth_masks/log4_board6.png
log4_board7,log4,7,1328,1311,355,1038,1683,2349,1038,355,2.92394366,180,180,4624,3468,/home/sshirodk/Documents/Biomtrace-new/matching/spatial/ducret-autun-t2-virtual-sawn-full-similarity/seg/log4_board7.jpg,/home/sshirodk/Documents/Biomtrace-new/matching/spatial/ducret-traceability-evaluation-v18/dataset/localization_ground_truth_masks/log4_board7.png
log4_board8,log4,8,2167,931,529,1069,2696,2000,1069,529,2.02079395,180,180,4624,3468,/home/sshirodk/Documents/Biomtrace-new/matching/spatial/ducret-autun-t2-virtual-sawn-full-similarity/seg/log4_board8.jpg,/home/sshirodk/Documents/Biomtrace-new/matching/spatial/ducret-traceability-evaluation-v18/dataset/localization_ground_truth_masks/log4_board8.png
log4_board9,log4,9,1714,1413,270,906,1984,2319,906,270,3.35555556,180,180,4624,3468,/home/sshirodk/Documents/Biomtrace-new/matching/spatial/ducret-autun-t2-virtual-sawn-full-similarity/seg/log4_board9.jpg,/home/sshirodk/Documents/Biomtrace-new/matching/spatial/ducret-traceability-evaluation-v18/dataset/localization_ground_truth_masks/log4_board9.png
log4_board10,log4,10,1729,1114,1057,365,2786,1479,1057,365,2.89589041,270,90,4624,3468,/home/sshirodk/Documents/Biomtrace-new/matching/spatial/ducret-autun-t2-virtual-sawn-full-similarity/seg/log4_board10.jpg,/home/sshirodk/Documents/Biomtrace-new/matching/spatial/ducret-traceability-evaluation-v18/dataset/localization_ground_truth_masks/log4_board10.png
log5_board1,log5,1,3721,1417,238,793,3959,2210,793,238,3.33193277,0,0,4624,3468,/home/sshirodk/Documents/Biomtrace-new/matching/spatial/ducret-autun-t2-virtual-sawn-full-similarity/seg/log5_board1.jpg,/home/sshirodk/Documents/Biomtrace-new/matching/spatial/ducret-traceability-evaluation-v18/dataset/localization_ground_truth_masks/log5_board1.png
log5_board2,log5,2,3003,2212,886,352,3889,2564,886,352,2.51704545,0,0,4624,3468,/home/sshirodk/Documents/Biomtrace-new/matching/spatial/ducret-autun-t2-virtual-sawn-full-similarity/seg/log5_board2.jpg,/home/sshirodk/Documents/Biomtrace-new/matching/spatial/ducret-traceability-evaluation-v18/dataset/localization_ground_truth_masks/log5_board2.png
log5_board3,log5,3,3026,1909,301,899,3327,2808,899,301,2.98671096,0,0,4624,3468,/home/sshirodk/Documents/Biomtrace-new/matching/spatial/ducret-autun-t2-virtual-sawn-full-similarity/seg/log5_board3.jpg,/home/sshirodk/Documents/Biomtrace-new/matching/spatial/ducret-traceability-evaluation-v18/dataset/localization_ground_truth_masks/log5_board3.png
log5_board4,log5,4,2739,952,370,964,3109,1916,964,370,2.60540541,90,270,4624,3468,/home/sshirodk/Documents/Biomtrace-new/matching/spatial/ducret-autun-t2-virtual-sawn-full-similarity/seg/log5_board4.jpg,/home/sshirodk/Documents/Biomtrace-new/matching/spatial/ducret-traceability-evaluation-v18/dataset/localization_ground_truth_masks/log5_board4.png
log5_board5,log5,5,2720,1682,993,496,3713,2178,993,496,2.00201613,270,90,4624,3468,/home/sshirodk/Documents/Biomtrace-new/matching/spatial/ducret-autun-t2-virtual-sawn-full-similarity/seg/log5_board5.jpg,/home/sshirodk/Documents/Biomtrace-new/matching/spatial/ducret-traceability-evaluation-v18/dataset/localization_ground_truth_masks/log5_board5.png
log5_board6,log5,6,2787,1254,1025,399,3812,1653,1025,399,2.56892231,270,90,4624,3468,/home/sshirodk/Documents/Biomtrace-new/matching/spatial/ducret-autun-t2-virtual-sawn-full-similarity/seg/log5_board6.jpg,/home/sshirodk/Documents/Biomtrace-new/matching/spatial/ducret-traceability-evaluation-v18/dataset/localization_ground_truth_masks/log5_board6.png
log5_board7,log5,7,3142,1453,378,1004,3520,2457,1004,378,2.65608466,270,90,4624,3468,/home/sshirodk/Documents/Biomtrace-new/matching/spatial/ducret-autun-t2-virtual-sawn-full-similarity/seg/log5_board7.jpg,/home/sshirodk/Documents/Biomtrace-new/matching/spatial/ducret-traceability-evaluation-v18/dataset/localization_ground_truth_masks/log5_board7.png
log5_board8,log5,8,3432,1252,805,347,4237,1599,805,347,2.31988473,0,0,4624,3468,/home/sshirodk/Documents/Biomtrace-new/matching/spatial/ducret-autun-t2-virtual-sawn-full-similarity/seg/log5_board8.jpg,/home/sshirodk/Documents/Biomtrace-new/matching/spatial/ducret-traceability-evaluation-v18/dataset/localization_ground_truth_masks/log5_board8.png
log5_board9,log5,9,2747,1096,252,893,2999,1989,893,252,3.54365079,90,270,4624,3468,/home/sshirodk/Documents/Biomtrace-new/matching/spatial/ducret-autun-t2-virtual-sawn-full-similarity/seg/log5_board9.jpg,/home/sshirodk/Documents/Biomtrace-new/matching/spatial/ducret-traceability-evaluation-v18/dataset/localization_ground_truth_masks/log5_board9.png
log5_board10,log5,10,3328,677,354,853,3682,1530,853,354,2.40960452,180,180,4624,3468,/home/sshirodk/Documents/Biomtrace-new/matching/spatial/ducret-autun-t2-virtual-sawn-full-similarity/seg/log5_board10.jpg,/home/sshirodk/Documents/Biomtrace-new/matching/spatial/ducret-traceability-evaluation-v18/dataset/localization_ground_truth_masks/log5_board10.png
log6_board1,log6,1,2746,1747,363,1323,3109,3070,1323,363,3.64462810,90,270,4624,3468,/home/sshirodk/Documents/Biomtrace-new/matching/spatial/ducret-autun-t2-virtual-sawn-full-similarity/seg/log6_board1.jpg,/home/sshirodk/Documents/Biomtrace-new/matching/spatial/ducret-traceability-evaluation-v18/dataset/localization_ground_truth_masks/log6_board1.png
log6_board2,log6,2,1920,1375,315,1134,2235,2509,1134,315,3.60000000,90,270,4624,3468,/home/sshirodk/Documents/Biomtrace-new/matching/spatial/ducret-autun-t2-virtual-sawn-full-similarity/seg/log6_board2.jpg,/home/sshirodk/Documents/Biomtrace-new/matching/spatial/ducret-traceability-evaluation-v18/dataset/localization_ground_truth_masks/log6_board2.png
log6_board3,log6,3,3273,1176,519,1097,3792,2273,1097,519,2.11368015,180,180,4624,3468,/home/sshirodk/Documents/Biomtrace-new/matching/spatial/ducret-autun-t2-virtual-sawn-full-similarity/seg/log6_board3.jpg,/home/sshirodk/Documents/Biomtrace-new/matching/spatial/ducret-traceability-evaluation-v18/dataset/localization_ground_truth_masks/log6_board3.png
log6_board4,log6,4,1984,1416,1329,572,3313,1988,1329,572,2.32342657,180,180,4624,3468,/home/sshirodk/Documents/Biomtrace-new/matching/spatial/ducret-autun-t2-virtual-sawn-full-similarity/seg/log6_board4.jpg,/home/sshirodk/Documents/Biomtrace-new/matching/spatial/ducret-traceability-evaluation-v18/dataset/localization_ground_truth_masks/log6_board4.png
log6_board5,log6,5,3449,1156,300,1064,3749,2220,1064,300,3.54666667,180,180,4624,3468,/home/sshirodk/Documents/Biomtrace-new/matching/spatial/ducret-autun-t2-virtual-sawn-full-similarity/seg/log6_board5.jpg,/home/sshirodk/Documents/Biomtrace-new/matching/spatial/ducret-traceability-evaluation-v18/dataset/localization_ground_truth_masks/log6_board5.png
log6_board6,log6,6,2244,1299,1270,550,3514,1849,1270,550,2.30909091,270,90,4624,3468,/home/sshirodk/Documents/Biomtrace-new/matching/spatial/ducret-autun-t2-virtual-sawn-full-similarity/seg/log6_board6.jpg,/home/sshirodk/Documents/Biomtrace-new/matching/spatial/ducret-traceability-evaluation-v18/dataset/localization_ground_truth_masks/log6_board6.png
log6_board7,log6,7,3160,1570,337,1296,3497,2866,1296,337,3.84569733,90,270,4624,3468,/home/sshirodk/Documents/Biomtrace-new/matching/spatial/ducret-autun-t2-virtual-sawn-full-similarity/seg/log6_board7.jpg,/home/sshirodk/Documents/Biomtrace-new/matching/spatial/ducret-traceability-evaluation-v18/dataset/localization_ground_truth_masks/log6_board7.png
log6_board8,log6,8,1974,2236,1242,329,3216,2565,1242,329,3.77507599,270,90,4624,3468,/home/sshirodk/Documents/Biomtrace-new/matching/spatial/ducret-autun-t2-virtual-sawn-full-similarity/seg/log6_board8.jpg,/home/sshirodk/Documents/Biomtrace-new/matching/spatial/ducret-traceability-evaluation-v18/dataset/localization_ground_truth_masks/log6_board8.png
log6_board9,log6,9,2025,1711,1116,281,3141,1992,1116,281,3.97153025,90,270,4624,3468,/home/sshirodk/Documents/Biomtrace-new/matching/spatial/ducret-autun-t2-virtual-sawn-full-similarity/seg/log6_board9.jpg,/home/sshirodk/Documents/Biomtrace-new/matching/spatial/ducret-traceability-evaluation-v18/dataset/localization_ground_truth_masks/log6_board9.png
log6_board10,log6,10,1799,1652,313,1020,2112,2672,1020,313,3.25878594,270,90,4624,3468,/home/sshirodk/Documents/Biomtrace-new/matching/spatial/ducret-autun-t2-virtual-sawn-full-similarity/seg/log6_board10.jpg,/home/sshirodk/Documents/Biomtrace-new/matching/spatial/ducret-traceability-evaluation-v18/dataset/localization_ground_truth_masks/log6_board10.png
log7_board1,log7,1,1788,1538,856,252,2644,1790,856,252,3.39682540,270,90,4624,3468,/home/sshirodk/Documents/Biomtrace-new/matching/spatial/ducret-autun-t2-virtual-sawn-full-similarity/seg/log7_board1.jpg,/home/sshirodk/Documents/Biomtrace-new/matching/spatial/ducret-traceability-evaluation-v18/dataset/localization_ground_truth_masks/log7_board1.png
log7_board2,log7,2,2242,2150,1017,490,3259,2640,1017,490,2.07551020,270,90,4624,3468,/home/sshirodk/Documents/Biomtrace-new/matching/spatial/ducret-autun-t2-virtual-sawn-full-similarity/seg/log7_board2.jpg,/home/sshirodk/Documents/Biomtrace-new/matching/spatial/ducret-traceability-evaluation-v18/dataset/localization_ground_truth_masks/log7_board2.png
log7_board3,log7,3,2907,1160,271,813,3178,1973,813,271,3.00000000,270,90,4624,3468,/home/sshirodk/Documents/Biomtrace-new/matching/spatial/ducret-autun-t2-virtual-sawn-full-similarity/seg/log7_board3.jpg,/home/sshirodk/Documents/Biomtrace-new/matching/spatial/ducret-traceability-evaluation-v18/dataset/localization_ground_truth_masks/log7_board3.png
log7_board4,log7,4,2740,708,302,973,3042,1681,973,302,3.22185430,270,90,4624,3468,/home/sshirodk/Documents/Biomtrace-new/matching/spatial/ducret-autun-t2-virtual-sawn-full-similarity/seg/log7_board4.jpg,/home/sshirodk/Documents/Biomtrace-new/matching/spatial/ducret-traceability-evaluation-v18/dataset/localization_ground_truth_masks/log7_board4.png
log7_board5,log7,5,3517,1797,288,999,3805,2796,999,288,3.46875000,270,90,4624,3468,/home/sshirodk/Documents/Biomtrace-new/matching/spatial/ducret-autun-t2-virtual-sawn-full-similarity/seg/log7_board5.jpg,/home/sshirodk/Documents/Biomtrace-new/matching/spatial/ducret-traceability-evaluation-v18/dataset/localization_ground_truth_masks/log7_board5.png
log7_board6,log7,6,2941,2129,1012,272,3953,2401,1012,272,3.72058824,180,180,4624,3468,/home/sshirodk/Documents/Biomtrace-new/matching/spatial/ducret-autun-t2-virtual-sawn-full-similarity/seg/log7_board6.jpg,/home/sshirodk/Documents/Biomtrace-new/matching/spatial/ducret-traceability-evaluation-v18/dataset/localization_ground_truth_masks/log7_board6.png
log7_board7,log7,7,3107,633,252,875,3359,1508,875,252,3.47222222,90,270,4624,3468,/home/sshirodk/Documents/Biomtrace-new/matching/spatial/ducret-autun-t2-virtual-sawn-full-similarity/seg/log7_board7.jpg,/home/sshirodk/Documents/Biomtrace-new/matching/spatial/ducret-traceability-evaluation-v18/dataset/localization_ground_truth_masks/log7_board7.png
log7_board8,log7,8,2302,1601,401,843,2703,2444,843,401,2.10224439,270,90,4624,3468,/home/sshirodk/Documents/Biomtrace-new/matching/spatial/ducret-autun-t2-virtual-sawn-full-similarity/seg/log7_board8.jpg,/home/sshirodk/Documents/Biomtrace-new/matching/spatial/ducret-traceability-evaluation-v18/dataset/localization_ground_truth_masks/log7_board8.png
log7_board9,log7,9,2641,1952,366,988,3007,2940,988,366,2.69945355,180,180,4624,3468,/home/sshirodk/Documents/Biomtrace-new/matching/spatial/ducret-autun-t2-virtual-sawn-full-similarity/seg/log7_board9.jpg,/home/sshirodk/Documents/Biomtrace-new/matching/spatial/ducret-traceability-evaluation-v18/dataset/localization_ground_truth_masks/log7_board9.png
log7_board10,log7,10,2881,1949,866,316,3747,2265,866,316,2.74050633,270,90,4624,3468,/home/sshirodk/Documents/Biomtrace-new/matching/spatial/ducret-autun-t2-virtual-sawn-full-similarity/seg/log7_board10.jpg,/home/sshirodk/Documents/Biomtrace-new/matching/spatial/ducret-traceability-evaluation-v18/dataset/localization_ground_truth_masks/log7_board10.png
log8_board1,log8,1,3165,1644,243,935,3408,2579,935,243,3.84773663,180,180,4624,3468,/home/sshirodk/Documents/Biomtrace-new/matching/spatial/ducret-autun-t2-virtual-sawn-full-similarity/seg/log8_board1.jpg,/home/sshirodk/Documents/Biomtrace-new/matching/spatial/ducret-traceability-evaluation-v18/dataset/localization_ground_truth_masks/log8_board1.png
log8_board2,log8,2,1977,2369,990,275,2967,2644,990,275,3.60000000,180,180,4624,3468,/home/sshirodk/Documents/Biomtrace-new/matching/spatial/ducret-autun-t2-virtual-sawn-full-similarity/seg/log8_board2.jpg,/home/sshirodk/Documents/Biomtrace-new/matching/spatial/ducret-traceability-evaluation-v18/dataset/localization_ground_truth_masks/log8_board2.png
log8_board3,log8,3,2011,746,1097,355,3108,1101,1097,355,3.09014085,180,180,4624,3468,/home/sshirodk/Documents/Biomtrace-new/matching/spatial/ducret-autun-t2-virtual-sawn-full-similarity/seg/log8_board3.jpg,/home/sshirodk/Documents/Biomtrace-new/matching/spatial/ducret-traceability-evaluation-v18/dataset/localization_ground_truth_masks/log8_board3.png
log8_board4,log8,4,2636,1596,319,1217,2955,2813,1217,319,3.81504702,270,90,4624,3468,/home/sshirodk/Documents/Biomtrace-new/matching/spatial/ducret-autun-t2-virtual-sawn-full-similarity/seg/log8_board4.jpg,/home/sshirodk/Documents/Biomtrace-new/matching/spatial/ducret-traceability-evaluation-v18/dataset/localization_ground_truth_masks/log8_board4.png
log8_board5,log8,5,2600,1272,550,1152,3150,2424,1152,550,2.09454545,270,90,4624,3468,/home/sshirodk/Documents/Biomtrace-new/matching/spatial/ducret-autun-t2-virtual-sawn-full-similarity/seg/log8_board5.jpg,/home/sshirodk/Documents/Biomtrace-new/matching/spatial/ducret-traceability-evaluation-v18/dataset/localization_ground_truth_masks/log8_board5.png
log8_board6,log8,6,2956,1676,1139,367,4095,2043,1139,367,3.10354223,90,270,4624,3468,/home/sshirodk/Documents/Biomtrace-new/matching/spatial/ducret-autun-t2-virtual-sawn-full-similarity/seg/log8_board6.jpg,/home/sshirodk/Documents/Biomtrace-new/matching/spatial/ducret-traceability-evaluation-v18/dataset/localization_ground_truth_masks/log8_board6.png
log8_board7,log8,7,1550,1531,339,964,1889,2495,964,339,2.84365782,180,180,4624,3468,/home/sshirodk/Documents/Biomtrace-new/matching/spatial/ducret-autun-t2-virtual-sawn-full-similarity/seg/log8_board7.jpg,/home/sshirodk/Documents/Biomtrace-new/matching/spatial/ducret-traceability-evaluation-v18/dataset/localization_ground_truth_masks/log8_board7.png
log8_board8,log8,8,3313,841,467,1068,3780,1909,1068,467,2.28693790,270,90,4624,3468,/home/sshirodk/Documents/Biomtrace-new/matching/spatial/ducret-autun-t2-virtual-sawn-full-similarity/seg/log8_board8.jpg,/home/sshirodk/Documents/Biomtrace-new/matching/spatial/ducret-traceability-evaluation-v18/dataset/localization_ground_truth_masks/log8_board8.png
log8_board9,log8,9,2748,2131,1144,287,3892,2418,1144,287,3.98606272,90,270,4624,3468,/home/sshirodk/Documents/Biomtrace-new/matching/spatial/ducret-autun-t2-virtual-sawn-full-similarity/seg/log8_board9.jpg,/home/sshirodk/Documents/Biomtrace-new/matching/spatial/ducret-traceability-evaluation-v18/dataset/localization_ground_truth_masks/log8_board9.png
log8_board10,log8,10,2283,2612,1173,322,3456,2934,1173,322,3.64285714,270,90,4624,3468,/home/sshirodk/Documents/Biomtrace-new/matching/spatial/ducret-autun-t2-virtual-sawn-full-similarity/seg/log8_board10.jpg,/home/sshirodk/Documents/Biomtrace-new/matching/spatial/ducret-traceability-evaluation-v18/dataset/localization_ground_truth_masks/log8_board10.png
log9_board1,log9,1,2953,1254,232,816,3185,2070,816,232,3.51724138,270,90,4624,3468,/home/sshirodk/Documents/Biomtrace-new/matching/spatial/ducret-autun-t2-virtual-sawn-full-similarity/seg/log9_board1.jpg,/home/sshirodk/Documents/Biomtrace-new/matching/spatial/ducret-traceability-evaluation-v18/dataset/localization_ground_truth_masks/log9_board1.png
log9_board2,log9,2,2295,1830,788,295,3083,2125,788,295,2.67118644,270,90,4624,3468,/home/sshirodk/Documents/Biomtrace-new/matching/spatial/ducret-autun-t2-virtual-sawn-full-similarity/seg/log9_board2.jpg,/home/sshirodk/Documents/Biomtrace-new/matching/spatial/ducret-traceability-evaluation-v18/dataset/localization_ground_truth_masks/log9_board2.png
log9_board3,log9,3,2484,1515,810,294,3294,1809,810,294,2.75510204,90,270,4624,3468,/home/sshirodk/Documents/Biomtrace-new/matching/spatial/ducret-autun-t2-virtual-sawn-full-similarity/seg/log9_board3.jpg,/home/sshirodk/Documents/Biomtrace-new/matching/spatial/ducret-traceability-evaluation-v18/dataset/localization_ground_truth_masks/log9_board3.png
log9_board4,log9,4,2173,1867,715,315,2888,2182,715,315,2.26984127,90,270,4624,3468,/home/sshirodk/Documents/Biomtrace-new/matching/spatial/ducret-autun-t2-virtual-sawn-full-similarity/seg/log9_board4.jpg,/home/sshirodk/Documents/Biomtrace-new/matching/spatial/ducret-traceability-evaluation-v18/dataset/localization_ground_truth_masks/log9_board4.png
log9_board5,log9,5,2403,2539,731,319,3134,2858,731,319,2.29153605,0,0,4624,3468,/home/sshirodk/Documents/Biomtrace-new/matching/spatial/ducret-autun-t2-virtual-sawn-full-similarity/seg/log9_board5.jpg,/home/sshirodk/Documents/Biomtrace-new/matching/spatial/ducret-traceability-evaluation-v18/dataset/localization_ground_truth_masks/log9_board5.png
log9_board6,log9,6,1831,2143,674,320,2505,2463,674,320,2.10625000,0,0,4624,3468,/home/sshirodk/Documents/Biomtrace-new/matching/spatial/ducret-autun-t2-virtual-sawn-full-similarity/seg/log9_board6.jpg,/home/sshirodk/Documents/Biomtrace-new/matching/spatial/ducret-traceability-evaluation-v18/dataset/localization_ground_truth_masks/log9_board6.png
log9_board7,log9,7,1730,1972,718,345,2448,2317,718,345,2.08115942,0,0,4624,3468,/home/sshirodk/Documents/Biomtrace-new/matching/spatial/ducret-autun-t2-virtual-sawn-full-similarity/seg/log9_board7.jpg,/home/sshirodk/Documents/Biomtrace-new/matching/spatial/ducret-traceability-evaluation-v18/dataset/localization_ground_truth_masks/log9_board7.png
log9_board8,log9,8,2258,2109,634,247,2892,2356,634,247,2.56680162,270,90,4624,3468,/home/sshirodk/Documents/Biomtrace-new/matching/spatial/ducret-autun-t2-virtual-sawn-full-similarity/seg/log9_board8.jpg,/home/sshirodk/Documents/Biomtrace-new/matching/spatial/ducret-traceability-evaluation-v18/dataset/localization_ground_truth_masks/log9_board8.png
log9_board9,log9,9,3163,1821,274,763,3437,2584,763,274,2.78467153,180,180,4624,3468,/home/sshirodk/Documents/Biomtrace-new/matching/spatial/ducret-autun-t2-virtual-sawn-full-similarity/seg/log9_board9.jpg,/home/sshirodk/Documents/Biomtrace-new/matching/spatial/ducret-traceability-evaluation-v18/dataset/localization_ground_truth_masks/log9_board9.png
log9_board10,log9,10,2278,1644,180,649,2458,2293,649,180,3.60555556,270,90,4624,3468,/home/sshirodk/Documents/Biomtrace-new/matching/spatial/ducret-autun-t2-virtual-sawn-full-similarity/seg/log9_board10.jpg,/home/sshirodk/Documents/Biomtrace-new/matching/spatial/ducret-traceability-evaluation-v18/dataset/localization_ground_truth_masks/log9_board10.png
log11_board1,log11,1,2726,1493,1337,383,4063,1876,1337,383,3.49086162,0,0,4624,3468,/home/sshirodk/Documents/Biomtrace-new/matching/spatial/ducret-autun-t2-virtual-sawn-full-similarity/seg/log11_board1.jpg,/home/sshirodk/Documents/Biomtrace-new/matching/spatial/ducret-traceability-evaluation-v18/dataset/localization_ground_truth_masks/log11_board1.png
log11_board2,log11,2,1824,756,367,1338,2191,2094,1338,367,3.64577657,270,90,4624,3468,/home/sshirodk/Documents/Biomtrace-new/matching/spatial/ducret-autun-t2-virtual-sawn-full-similarity/seg/log11_board2.jpg,/home/sshirodk/Documents/Biomtrace-new/matching/spatial/ducret-traceability-evaluation-v18/dataset/localization_ground_truth_masks/log11_board2.png
log11_board3,log11,3,3381,352,513,1187,3894,1539,1187,513,2.31384016,180,180,4624,3468,/home/sshirodk/Documents/Biomtrace-new/matching/spatial/ducret-autun-t2-virtual-sawn-full-similarity/seg/log11_board3.jpg,/home/sshirodk/Documents/Biomtrace-new/matching/spatial/ducret-traceability-evaluation-v18/dataset/localization_ground_truth_masks/log11_board3.png
log11_board4,log11,4,2626,1952,1238,496,3864,2448,1238,496,2.49596774,0,0,4624,3468,/home/sshirodk/Documents/Biomtrace-new/matching/spatial/ducret-autun-t2-virtual-sawn-full-similarity/seg/log11_board4.jpg,/home/sshirodk/Documents/Biomtrace-new/matching/spatial/ducret-traceability-evaluation-v18/dataset/localization_ground_truth_masks/log11_board4.png
log11_board5,log11,5,1706,1807,1054,448,2760,2255,1054,448,2.35267857,90,270,4624,3468,/home/sshirodk/Documents/Biomtrace-new/matching/spatial/ducret-autun-t2-virtual-sawn-full-similarity/seg/log11_board5.jpg,/home/sshirodk/Documents/Biomtrace-new/matching/spatial/ducret-traceability-evaluation-v18/dataset/localization_ground_truth_masks/log11_board5.png
log11_board6,log11,6,2114,1342,392,1201,2506,2543,1201,392,3.06377551,90,270,4624,3468,/home/sshirodk/Documents/Biomtrace-new/matching/spatial/ducret-autun-t2-virtual-sawn-full-similarity/seg/log11_board6.jpg,/home/sshirodk/Documents/Biomtrace-new/matching/spatial/ducret-traceability-evaluation-v18/dataset/localization_ground_truth_masks/log11_board6.png
log11_board7,log11,7,2901,1767,336,1175,3237,2942,1175,336,3.49702381,0,0,4624,3468,/home/sshirodk/Documents/Biomtrace-new/matching/spatial/ducret-autun-t2-virtual-sawn-full-similarity/seg/log11_board7.jpg,/home/sshirodk/Documents/Biomtrace-new/matching/spatial/ducret-traceability-evaluation-v18/dataset/localization_ground_truth_masks/log11_board7.png
log11_board8,log11,8,1860,974,384,1239,2244,2213,1239,384,3.22656250,90,270,4624,3468,/home/sshirodk/Documents/Biomtrace-new/matching/spatial/ducret-autun-t2-virtual-sawn-full-similarity/seg/log11_board8.jpg,/home/sshirodk/Documents/Biomtrace-new/matching/spatial/ducret-traceability-evaluation-v18/dataset/localization_ground_truth_masks/log11_board8.png
log11_board9,log11,9,2812,620,1122,484,3934,1104,1122,484,2.31818182,90,270,4624,3468,/home/sshirodk/Documents/Biomtrace-new/matching/spatial/ducret-autun-t2-virtual-sawn-full-similarity/seg/log11_board9.jpg,/home/sshirodk/Documents/Biomtrace-new/matching/spatial/ducret-traceability-evaluation-v18/dataset/localization_ground_truth_masks/log11_board9.png
log11_board10,log11,10,2646,1196,389,1247,3035,2443,1247,389,3.20565553,90,270,4624,3468,/home/sshirodk/Documents/Biomtrace-new/matching/spatial/ducret-autun-t2-virtual-sawn-full-similarity/seg/log11_board10.jpg,/home/sshirodk/Documents/Biomtrace-new/matching/spatial/ducret-traceability-evaluation-v18/dataset/localization_ground_truth_masks/log11_board10.png
log12_board1,log12,1,2377,2063,192,730,2569,2793,730,192,3.80208333,0,0,4624,3468,/home/sshirodk/Documents/Biomtrace-new/matching/spatial/ducret-autun-t2-virtual-sawn-full-similarity/seg/log12_board1.jpg,/home/sshirodk/Documents/Biomtrace-new/matching/spatial/ducret-traceability-evaluation-v18/dataset/localization_ground_truth_masks/log12_board1.png
log12_board2,log12,2,2809,2073,709,184,3518,2257,709,184,3.85326087,180,180,4624,3468,/home/sshirodk/Documents/Biomtrace-new/matching/spatial/ducret-autun-t2-virtual-sawn-full-similarity/seg/log12_board2.jpg,/home/sshirodk/Documents/Biomtrace-new/matching/spatial/ducret-traceability-evaluation-v18/dataset/localization_ground_truth_masks/log12_board2.png
log12_board3,log12,3,2182,2393,846,232,3028,2625,846,232,3.64655172,270,90,4624,3468,/home/sshirodk/Documents/Biomtrace-new/matching/spatial/ducret-autun-t2-virtual-sawn-full-similarity/seg/log12_board3.jpg,/home/sshirodk/Documents/Biomtrace-new/matching/spatial/ducret-traceability-evaluation-v18/dataset/localization_ground_truth_masks/log12_board3.png
log12_board4,log12,4,2780,1339,741,285,3521,1624,741,285,2.60000000,90,270,4624,3468,/home/sshirodk/Documents/Biomtrace-new/matching/spatial/ducret-autun-t2-virtual-sawn-full-similarity/seg/log12_board4.jpg,/home/sshirodk/Documents/Biomtrace-new/matching/spatial/ducret-traceability-evaluation-v18/dataset/localization_ground_truth_masks/log12_board4.png
log12_board5,log12,5,2445,1815,843,243,3288,2058,843,243,3.46913580,90,270,4624,3468,/home/sshirodk/Documents/Biomtrace-new/matching/spatial/ducret-autun-t2-virtual-sawn-full-similarity/seg/log12_board5.jpg,/home/sshirodk/Documents/Biomtrace-new/matching/spatial/ducret-traceability-evaluation-v18/dataset/localization_ground_truth_masks/log12_board5.png
log12_board6,log12,6,2195,2145,902,424,3097,2569,902,424,2.12735849,0,0,4624,3468,/home/sshirodk/Documents/Biomtrace-new/matching/spatial/ducret-autun-t2-virtual-sawn-full-similarity/seg/log12_board6.jpg,/home/sshirodk/Documents/Biomtrace-new/matching/spatial/ducret-traceability-evaluation-v18/dataset/localization_ground_truth_masks/log12_board6.png
log12_board7,log12,7,2329,1287,276,870,2605,2157,870,276,3.15217391,180,180,4624,3468,/home/sshirodk/Documents/Biomtrace-new/matching/spatial/ducret-autun-t2-virtual-sawn-full-similarity/seg/log12_board7.jpg,/home/sshirodk/Documents/Biomtrace-new/matching/spatial/ducret-traceability-evaluation-v18/dataset/localization_ground_truth_masks/log12_board7.png
log12_board8,log12,8,3556,1743,227,866,3783,2609,866,227,3.81497797,90,270,4624,3468,/home/sshirodk/Documents/Biomtrace-new/matching/spatial/ducret-autun-t2-virtual-sawn-full-similarity/seg/log12_board8.jpg,/home/sshirodk/Documents/Biomtrace-new/matching/spatial/ducret-traceability-evaluation-v18/dataset/localization_ground_truth_masks/log12_board8.png
log12_board9,log12,9,2646,1811,797,226,3443,2037,797,226,3.52654867,0,0,4624,3468,/home/sshirodk/Documents/Biomtrace-new/matching/spatial/ducret-autun-t2-virtual-sawn-full-similarity/seg/log12_board9.jpg,/home/sshirodk/Documents/Biomtrace-new/matching/spatial/ducret-traceability-evaluation-v18/dataset/localization_ground_truth_masks/log12_board9.png
log12_board10,log12,10,2306,1738,699,281,3005,2019,699,281,2.48754448,270,90,4624,3468,/home/sshirodk/Documents/Biomtrace-new/matching/spatial/ducret-autun-t2-virtual-sawn-full-similarity/seg/log12_board10.jpg,/home/sshirodk/Documents/Biomtrace-new/matching/spatial/ducret-traceability-evaluation-v18/dataset/localization_ground_truth_masks/log12_board10.png
log13_board1,log13,1,2933,1922,272,750,3205,2672,750,272,2.75735294,90,270,4624,3468,/home/sshirodk/Documents/Biomtrace-new/matching/spatial/ducret-autun-t2-virtual-sawn-full-similarity/seg/log13_board1.jpg,/home/sshirodk/Documents/Biomtrace-new/matching/spatial/ducret-traceability-evaluation-v18/dataset/localization_ground_truth_masks/log13_board1.png
log13_board2,log13,2,2305,1835,924,250,3229,2085,924,250,3.69600000,90,270,4624,3468,/home/sshirodk/Documents/Biomtrace-new/matching/spatial/ducret-autun-t2-virtual-sawn-full-similarity/seg/log13_board2.jpg,/home/sshirodk/Documents/Biomtrace-new/matching/spatial/ducret-traceability-evaluation-v18/dataset/localization_ground_truth_masks/log13_board2.png
log13_board3,log13,3,2949,2198,821,256,3770,2454,821,256,3.20703125,270,90,4624,3468,/home/sshirodk/Documents/Biomtrace-new/matching/spatial/ducret-autun-t2-virtual-sawn-full-similarity/seg/log13_board3.jpg,/home/sshirodk/Documents/Biomtrace-new/matching/spatial/ducret-traceability-evaluation-v18/dataset/localization_ground_truth_masks/log13_board3.png
log13_board4,log13,4,3167,1738,302,976,3469,2714,976,302,3.23178808,0,0,4624,3468,/home/sshirodk/Documents/Biomtrace-new/matching/spatial/ducret-autun-t2-virtual-sawn-full-similarity/seg/log13_board4.jpg,/home/sshirodk/Documents/Biomtrace-new/matching/spatial/ducret-traceability-evaluation-v18/dataset/localization_ground_truth_masks/log13_board4.png
log13_board5,log13,5,2822,1518,348,993,3170,2511,993,348,2.85344828,0,0,4624,3468,/home/sshirodk/Documents/Biomtrace-new/matching/spatial/ducret-autun-t2-virtual-sawn-full-similarity/seg/log13_board5.jpg,/home/sshirodk/Documents/Biomtrace-new/matching/spatial/ducret-traceability-evaluation-v18/dataset/localization_ground_truth_masks/log13_board5.png
log13_board6,log13,6,2624,1286,353,837,2977,2123,837,353,2.37110482,180,180,4624,3468,/home/sshirodk/Documents/Biomtrace-new/matching/spatial/ducret-autun-t2-virtual-sawn-full-similarity/seg/log13_board6.jpg,/home/sshirodk/Documents/Biomtrace-new/matching/spatial/ducret-traceability-evaluation-v18/dataset/localization_ground_truth_masks/log13_board6.png
log13_board7,log13,7,2872,2026,944,252,3816,2278,944,252,3.74603175,90,270,4624,3468,/home/sshirodk/Documents/Biomtrace-new/matching/spatial/ducret-autun-t2-virtual-sawn-full-similarity/seg/log13_board7.jpg,/home/sshirodk/Documents/Biomtrace-new/matching/spatial/ducret-traceability-evaluation-v18/dataset/localization_ground_truth_masks/log13_board7.png
log13_board8,log13,8,2640,2362,761,243,3401,2605,761,243,3.13168724,0,0,4624,3468,/home/sshirodk/Documents/Biomtrace-new/matching/spatial/ducret-autun-t2-virtual-sawn-full-similarity/seg/log13_board8.jpg,/home/sshirodk/Documents/Biomtrace-new/matching/spatial/ducret-traceability-evaluation-v18/dataset/localization_ground_truth_masks/log13_board8.png
log13_board9,log13,9,2546,1628,939,267,3485,1895,939,267,3.51685393,270,90,4624,3468,/home/sshirodk/Documents/Biomtrace-new/matching/spatial/ducret-autun-t2-virtual-sawn-full-similarity/seg/log13_board9.jpg,/home/sshirodk/Documents/Biomtrace-new/matching/spatial/ducret-traceability-evaluation-v18/dataset/localization_ground_truth_masks/log13_board9.png
log13_board10,log13,10,2092,1484,753,307,2845,1791,753,307,2.45276873,90,270,4624,3468,/home/sshirodk/Documents/Biomtrace-new/matching/spatial/ducret-autun-t2-virtual-sawn-full-similarity/seg/log13_board10.jpg,/home/sshirodk/Documents/Biomtrace-new/matching/spatial/ducret-traceability-evaluation-v18/dataset/localization_ground_truth_masks/log13_board10.png
log14_board1,log14,1,2240,1020,1145,403,3385,1423,1145,403,2.84119107,0,0,4624,3468,/home/sshirodk/Documents/Biomtrace-new/matching/spatial/ducret-autun-t2-virtual-sawn-full-similarity/seg/log14_board1.jpg,/home/sshirodk/Documents/Biomtrace-new/matching/spatial/ducret-traceability-evaluation-v18/dataset/localization_ground_truth_masks/log14_board1.png
log14_board2,log14,2,2515,1415,1193,377,3708,1792,1193,377,3.16445623,90,270,4624,3468,/home/sshirodk/Documents/Biomtrace-new/matching/spatial/ducret-autun-t2-virtual-sawn-full-similarity/seg/log14_board2.jpg,/home/sshirodk/Documents/Biomtrace-new/matching/spatial/ducret-traceability-evaluation-v18/dataset/localization_ground_truth_masks/log14_board2.png
log14_board3,log14,3,1894,1862,375,1008,2269,2870,1008,375,2.68800000,180,180,4624,3468,/home/sshirodk/Documents/Biomtrace-new/matching/spatial/ducret-autun-t2-virtual-sawn-full-similarity/seg/log14_board3.jpg,/home/sshirodk/Documents/Biomtrace-new/matching/spatial/ducret-traceability-evaluation-v18/dataset/localization_ground_truth_masks/log14_board3.png
log14_board4,log14,4,1509,828,382,1211,1891,2039,1211,382,3.17015707,0,0,4624,3468,/home/sshirodk/Documents/Biomtrace-new/matching/spatial/ducret-autun-t2-virtual-sawn-full-similarity/seg/log14_board4.jpg,/home/sshirodk/Documents/Biomtrace-new/matching/spatial/ducret-traceability-evaluation-v18/dataset/localization_ground_truth_masks/log14_board4.png
log14_board5,log14,5,2918,841,341,1148,3259,1989,1148,341,3.36656891,0,0,4624,3468,/home/sshirodk/Documents/Biomtrace-new/matching/spatial/ducret-autun-t2-virtual-sawn-full-similarity/seg/log14_board5.jpg,/home/sshirodk/Documents/Biomtrace-new/matching/spatial/ducret-traceability-evaluation-v18/dataset/localization_ground_truth_masks/log14_board5.png
log14_board6,log14,6,1566,837,334,1258,1900,2095,1258,334,3.76646707,0,0,4624,3468,/home/sshirodk/Documents/Biomtrace-new/matching/spatial/ducret-autun-t2-virtual-sawn-full-similarity/seg/log14_board6.jpg,/home/sshirodk/Documents/Biomtrace-new/matching/spatial/ducret-traceability-evaluation-v18/dataset/localization_ground_truth_masks/log14_board6.png
log14_board7,log14,7,1778,1108,359,1013,2137,2121,1013,359,2.82172702,90,270,4624,3468,/home/sshirodk/Documents/Biomtrace-new/matching/spatial/ducret-autun-t2-virtual-sawn-full-similarity/seg/log14_board7.jpg,/home/sshirodk/Documents/Biomtrace-new/matching/spatial/ducret-traceability-evaluation-v18/dataset/localization_ground_truth_masks/log14_board7.png
log14_board8,log14,8,2622,1409,1185,344,3807,1753,1185,344,3.44476744,0,0,4624,3468,/home/sshirodk/Documents/Biomtrace-new/matching/spatial/ducret-autun-t2-virtual-sawn-full-similarity/seg/log14_board8.jpg,/home/sshirodk/Documents/Biomtrace-new/matching/spatial/ducret-traceability-evaluation-v18/dataset/localization_ground_truth_masks/log14_board8.png
log14_board9,log14,9,2454,468,1026,362,3480,830,1026,362,2.83425414,180,180,4624,3468,/home/sshirodk/Documents/Biomtrace-new/matching/spatial/ducret-autun-t2-virtual-sawn-full-similarity/seg/log14_board9.jpg,/home/sshirodk/Documents/Biomtrace-new/matching/spatial/ducret-traceability-evaluation-v18/dataset/localization_ground_truth_masks/log14_board9.png
log14_board10,log14,10,2210,442,953,474,3163,916,953,474,2.01054852,0,0,4624,3468,/home/sshirodk/Documents/Biomtrace-new/matching/spatial/ducret-autun-t2-virtual-sawn-full-similarity/seg/log14_board10.jpg,/home/sshirodk/Documents/Biomtrace-new/matching/spatial/ducret-traceability-evaluation-v18/dataset/localization_ground_truth_masks/log14_board10.png
log15_board1,log15,1,1786,986,271,790,2057,1776,790,271,2.91512915,0,0,4624,3468,/home/sshirodk/Documents/Biomtrace-new/matching/spatial/ducret-autun-t2-virtual-sawn-full-similarity/seg/log15_board1.jpg,/home/sshirodk/Documents/Biomtrace-new/matching/spatial/ducret-traceability-evaluation-v18/dataset/localization_ground_truth_masks/log15_board1.png
log15_board2,log15,2,2628,2153,814,325,3442,2478,814,325,2.50461538,0,0,4624,3468,/home/sshirodk/Documents/Biomtrace-new/matching/spatial/ducret-autun-t2-virtual-sawn-full-similarity/seg/log15_board2.jpg,/home/sshirodk/Documents/Biomtrace-new/matching/spatial/ducret-traceability-evaluation-v18/dataset/localization_ground_truth_masks/log15_board2.png
log15_board3,log15,3,2508,1950,951,419,3459,2369,951,419,2.26968974,180,180,4624,3468,/home/sshirodk/Documents/Biomtrace-new/matching/spatial/ducret-autun-t2-virtual-sawn-full-similarity/seg/log15_board3.jpg,/home/sshirodk/Documents/Biomtrace-new/matching/spatial/ducret-traceability-evaluation-v18/dataset/localization_ground_truth_masks/log15_board3.png
log15_board4,log15,4,2555,1898,932,376,3487,2274,932,376,2.47872340,270,90,4624,3468,/home/sshirodk/Documents/Biomtrace-new/matching/spatial/ducret-autun-t2-virtual-sawn-full-similarity/seg/log15_board4.jpg,/home/sshirodk/Documents/Biomtrace-new/matching/spatial/ducret-traceability-evaluation-v18/dataset/localization_ground_truth_masks/log15_board4.png
log15_board5,log15,5,2593,1749,849,215,3442,1964,849,215,3.94883721,90,270,4624,3468,/home/sshirodk/Documents/Biomtrace-new/matching/spatial/ducret-autun-t2-virtual-sawn-full-similarity/seg/log15_board5.jpg,/home/sshirodk/Documents/Biomtrace-new/matching/spatial/ducret-traceability-evaluation-v18/dataset/localization_ground_truth_masks/log15_board5.png
log15_board6,log15,6,2682,1917,985,280,3667,2197,985,280,3.51785714,180,180,4624,3468,/home/sshirodk/Documents/Biomtrace-new/matching/spatial/ducret-autun-t2-virtual-sawn-full-similarity/seg/log15_board6.jpg,/home/sshirodk/Documents/Biomtrace-new/matching/spatial/ducret-traceability-evaluation-v18/dataset/localization_ground_truth_masks/log15_board6.png
log15_board7,log15,7,2358,1029,799,275,3157,1304,799,275,2.90545455,90,270,4624,3468,/home/sshirodk/Documents/Biomtrace-new/matching/spatial/ducret-autun-t2-virtual-sawn-full-similarity/seg/log15_board7.jpg,/home/sshirodk/Documents/Biomtrace-new/matching/spatial/ducret-traceability-evaluation-v18/dataset/localization_ground_truth_masks/log15_board7.png
log15_board8,log15,8,2806,1995,282,853,3088,2848,853,282,3.02482270,90,270,4624,3468,/home/sshirodk/Documents/Biomtrace-new/matching/spatial/ducret-autun-t2-virtual-sawn-full-similarity/seg/log15_board8.jpg,/home/sshirodk/Documents/Biomtrace-new/matching/spatial/ducret-traceability-evaluation-v18/dataset/localization_ground_truth_masks/log15_board8.png
log15_board9,log15,9,1882,1506,947,465,2829,1971,947,465,2.03655914,90,270,4624,3468,/home/sshirodk/Documents/Biomtrace-new/matching/spatial/ducret-autun-t2-virtual-sawn-full-similarity/seg/log15_board9.jpg,/home/sshirodk/Documents/Biomtrace-new/matching/spatial/ducret-traceability-evaluation-v18/dataset/localization_ground_truth_masks/log15_board9.png
log15_board10,log15,10,2706,1994,911,228,3617,2222,911,228,3.99561404,0,0,4624,3468,/home/sshirodk/Documents/Biomtrace-new/matching/spatial/ducret-autun-t2-virtual-sawn-full-similarity/seg/log15_board10.jpg,/home/sshirodk/Documents/Biomtrace-new/matching/spatial/ducret-traceability-evaluation-v18/dataset/localization_ground_truth_masks/log15_board10.png
log16_board1,log16,1,3037,1451,365,957,3402,2408,957,365,2.62191781,270,90,4624,3468,/home/sshirodk/Documents/Biomtrace-new/matching/spatial/ducret-autun-t2-virtual-sawn-full-similarity/seg/log16_board1.jpg,/home/sshirodk/Documents/Biomtrace-new/matching/spatial/ducret-traceability-evaluation-v18/dataset/localization_ground_truth_masks/log16_board1.png
log16_board2,log16,2,1931,1706,276,903,2207,2609,903,276,3.27173913,90,270,4624,3468,/home/sshirodk/Documents/Biomtrace-new/matching/spatial/ducret-autun-t2-virtual-sawn-full-similarity/seg/log16_board2.jpg,/home/sshirodk/Documents/Biomtrace-new/matching/spatial/ducret-traceability-evaluation-v18/dataset/localization_ground_truth_masks/log16_board2.png
log16_board3,log16,3,2604,1048,236,938,2840,1986,938,236,3.97457627,180,180,4624,3468,/home/sshirodk/Documents/Biomtrace-new/matching/spatial/ducret-autun-t2-virtual-sawn-full-similarity/seg/log16_board3.jpg,/home/sshirodk/Documents/Biomtrace-new/matching/spatial/ducret-traceability-evaluation-v18/dataset/localization_ground_truth_masks/log16_board3.png
log16_board4,log16,4,3003,1501,291,915,3294,2416,915,291,3.14432990,180,180,4624,3468,/home/sshirodk/Documents/Biomtrace-new/matching/spatial/ducret-autun-t2-virtual-sawn-full-similarity/seg/log16_board4.jpg,/home/sshirodk/Documents/Biomtrace-new/matching/spatial/ducret-traceability-evaluation-v18/dataset/localization_ground_truth_masks/log16_board4.png
log16_board5,log16,5,2678,2130,453,910,3131,3040,910,453,2.00883002,180,180,4624,3468,/home/sshirodk/Documents/Biomtrace-new/matching/spatial/ducret-autun-t2-virtual-sawn-full-similarity/seg/log16_board5.jpg,/home/sshirodk/Documents/Biomtrace-new/matching/spatial/ducret-traceability-evaluation-v18/dataset/localization_ground_truth_masks/log16_board5.png
log16_board6,log16,6,2275,1255,396,1095,2671,2350,1095,396,2.76515152,0,0,4624,3468,/home/sshirodk/Documents/Biomtrace-new/matching/spatial/ducret-autun-t2-virtual-sawn-full-similarity/seg/log16_board6.jpg,/home/sshirodk/Documents/Biomtrace-new/matching/spatial/ducret-traceability-evaluation-v18/dataset/localization_ground_truth_masks/log16_board6.png
log16_board7,log16,7,1410,1511,968,477,2378,1988,968,477,2.02935010,270,90,4624,3468,/home/sshirodk/Documents/Biomtrace-new/matching/spatial/ducret-autun-t2-virtual-sawn-full-similarity/seg/log16_board7.jpg,/home/sshirodk/Documents/Biomtrace-new/matching/spatial/ducret-traceability-evaluation-v18/dataset/localization_ground_truth_masks/log16_board7.png
log16_board8,log16,8,2996,1347,327,1125,3323,2472,1125,327,3.44036697,180,180,4624,3468,/home/sshirodk/Documents/Biomtrace-new/matching/spatial/ducret-autun-t2-virtual-sawn-full-similarity/seg/log16_board8.jpg,/home/sshirodk/Documents/Biomtrace-new/matching/spatial/ducret-traceability-evaluation-v18/dataset/localization_ground_truth_masks/log16_board8.png
log16_board9,log16,9,2508,1003,1082,413,3590,1416,1082,413,2.61985472,180,180,4624,3468,/home/sshirodk/Documents/Biomtrace-new/matching/spatial/ducret-autun-t2-virtual-sawn-full-similarity/seg/log16_board9.jpg,/home/sshirodk/Documents/Biomtrace-new/matching/spatial/ducret-traceability-evaluation-v18/dataset/localization_ground_truth_masks/log16_board9.png
log16_board10,log16,10,2752,1989,358,942,3110,2931,942,358,2.63128492,90,270,4624,3468,/home/sshirodk/Documents/Biomtrace-new/matching/spatial/ducret-autun-t2-virtual-sawn-full-similarity/seg/log16_board10.jpg,/home/sshirodk/Documents/Biomtrace-new/matching/spatial/ducret-traceability-evaluation-v18/dataset/localization_ground_truth_masks/log16_board10.png
log17_board1,log17,1,1537,2209,1017,372,2554,2581,1017,372,2.73387097,270,90,4624,3468,/home/sshirodk/Documents/Biomtrace-new/matching/spatial/ducret-autun-t2-virtual-sawn-full-similarity/seg/log17_board1.jpg,/home/sshirodk/Documents/Biomtrace-new/matching/spatial/ducret-traceability-evaluation-v18/dataset/localization_ground_truth_masks/log17_board1.png
log17_board2,log17,2,2145,1280,275,1045,2420,2325,1045,275,3.80000000,270,90,4624,3468,/home/sshirodk/Documents/Biomtrace-new/matching/spatial/ducret-autun-t2-virtual-sawn-full-similarity/seg/log17_board2.jpg,/home/sshirodk/Documents/Biomtrace-new/matching/spatial/ducret-traceability-evaluation-v18/dataset/localization_ground_truth_masks/log17_board2.png
log17_board3,log17,3,2657,1242,273,1061,2930,2303,1061,273,3.88644689,270,90,4624,3468,/home/sshirodk/Documents/Biomtrace-new/matching/spatial/ducret-autun-t2-virtual-sawn-full-similarity/seg/log17_board3.jpg,/home/sshirodk/Documents/Biomtrace-new/matching/spatial/ducret-traceability-evaluation-v18/dataset/localization_ground_truth_masks/log17_board3.png
log17_board4,log17,4,2626,1693,296,1037,2922,2730,1037,296,3.50337838,90,270,4624,3468,/home/sshirodk/Documents/Biomtrace-new/matching/spatial/ducret-autun-t2-virtual-sawn-full-similarity/seg/log17_board4.jpg,/home/sshirodk/Documents/Biomtrace-new/matching/spatial/ducret-traceability-evaluation-v18/dataset/localization_ground_truth_masks/log17_board4.png
log17_board5,log17,5,2699,760,403,1011,3102,1771,1011,403,2.50868486,90,270,4624,3468,/home/sshirodk/Documents/Biomtrace-new/matching/spatial/ducret-autun-t2-virtual-sawn-full-similarity/seg/log17_board5.jpg,/home/sshirodk/Documents/Biomtrace-new/matching/spatial/ducret-traceability-evaluation-v18/dataset/localization_ground_truth_masks/log17_board5.png
log17_board6,log17,6,2438,796,1119,394,3557,1190,1119,394,2.84010152,180,180,4624,3468,/home/sshirodk/Documents/Biomtrace-new/matching/spatial/ducret-autun-t2-virtual-sawn-full-similarity/seg/log17_board6.jpg,/home/sshirodk/Documents/Biomtrace-new/matching/spatial/ducret-traceability-evaluation-v18/dataset/localization_ground_truth_masks/log17_board6.png
log17_board7,log17,7,1394,1875,1144,387,2538,2262,1144,387,2.95607235,270,90,4624,3468,/home/sshirodk/Documents/Biomtrace-new/matching/spatial/ducret-autun-t2-virtual-sawn-full-similarity/seg/log17_board7.jpg,/home/sshirodk/Documents/Biomtrace-new/matching/spatial/ducret-traceability-evaluation-v18/dataset/localization_ground_truth_masks/log17_board7.png
log17_board8,log17,8,2316,2196,1152,405,3468,2601,1152,405,2.84444444,90,270,4624,3468,/home/sshirodk/Documents/Biomtrace-new/matching/spatial/ducret-autun-t2-virtual-sawn-full-similarity/seg/log17_board8.jpg,/home/sshirodk/Documents/Biomtrace-new/matching/spatial/ducret-traceability-evaluation-v18/dataset/localization_ground_truth_masks/log17_board8.png
log17_board9,log17,9,2418,1395,1015,300,3433,1695,1015,300,3.38333333,180,180,4624,3468,/home/sshirodk/Documents/Biomtrace-new/matching/spatial/ducret-autun-t2-virtual-sawn-full-similarity/seg/log17_board9.jpg,/home/sshirodk/Documents/Biomtrace-new/matching/spatial/ducret-traceability-evaluation-v18/dataset/localization_ground_truth_masks/log17_board9.png
log17_board10,log17,10,3520,1383,446,1095,3966,2478,1095,446,2.45515695,270,90,4624,3468,/home/sshirodk/Documents/Biomtrace-new/matching/spatial/ducret-autun-t2-virtual-sawn-full-similarity/seg/log17_board10.jpg,/home/sshirodk/Documents/Biomtrace-new/matching/spatial/ducret-traceability-evaluation-v18/dataset/localization_ground_truth_masks/log17_board10.png
log18_board1,log18,1,2345,1087,956,360,3301,1447,956,360,2.65555556,90,270,4624,3468,/home/sshirodk/Documents/Biomtrace-new/matching/spatial/ducret-autun-t2-virtual-sawn-full-similarity/seg/log18_board1.jpg,/home/sshirodk/Documents/Biomtrace-new/matching/spatial/ducret-traceability-evaluation-v18/dataset/localization_ground_truth_masks/log18_board1.png
log18_board2,log18,2,2879,1908,904,368,3783,2276,904,368,2.45652174,180,180,4624,3468,/home/sshirodk/Documents/Biomtrace-new/matching/spatial/ducret-autun-t2-virtual-sawn-full-similarity/seg/log18_board2.jpg,/home/sshirodk/Documents/Biomtrace-new/matching/spatial/ducret-traceability-evaluation-v18/dataset/localization_ground_truth_masks/log18_board2.png
log18_board3,log18,3,2250,1685,951,239,3201,1924,951,239,3.97907950,270,90,4624,3468,/home/sshirodk/Documents/Biomtrace-new/matching/spatial/ducret-autun-t2-virtual-sawn-full-similarity/seg/log18_board3.jpg,/home/sshirodk/Documents/Biomtrace-new/matching/spatial/ducret-traceability-evaluation-v18/dataset/localization_ground_truth_masks/log18_board3.png
log18_board4,log18,4,3164,1623,809,251,3973,1874,809,251,3.22310757,180,180,4624,3468,/home/sshirodk/Documents/Biomtrace-new/matching/spatial/ducret-autun-t2-virtual-sawn-full-similarity/seg/log18_board4.jpg,/home/sshirodk/Documents/Biomtrace-new/matching/spatial/ducret-traceability-evaluation-v18/dataset/localization_ground_truth_masks/log18_board4.png
log18_board5,log18,5,3409,1442,222,830,3631,2272,830,222,3.73873874,0,0,4624,3468,/home/sshirodk/Documents/Biomtrace-new/matching/spatial/ducret-autun-t2-virtual-sawn-full-similarity/seg/log18_board5.jpg,/home/sshirodk/Documents/Biomtrace-new/matching/spatial/ducret-traceability-evaluation-v18/dataset/localization_ground_truth_masks/log18_board5.png
log18_board6,log18,6,2512,2542,882,354,3394,2896,882,354,2.49152542,90,270,4624,3468,/home/sshirodk/Documents/Biomtrace-new/matching/spatial/ducret-autun-t2-virtual-sawn-full-similarity/seg/log18_board6.jpg,/home/sshirodk/Documents/Biomtrace-new/matching/spatial/ducret-traceability-evaluation-v18/dataset/localization_ground_truth_masks/log18_board6.png
log18_board7,log18,7,3092,1250,425,878,3517,2128,878,425,2.06588235,0,0,4624,3468,/home/sshirodk/Documents/Biomtrace-new/matching/spatial/ducret-autun-t2-virtual-sawn-full-similarity/seg/log18_board7.jpg,/home/sshirodk/Documents/Biomtrace-new/matching/spatial/ducret-traceability-evaluation-v18/dataset/localization_ground_truth_masks/log18_board7.png
log18_board8,log18,8,2621,1551,812,364,3433,1915,812,364,2.23076923,0,0,4624,3468,/home/sshirodk/Documents/Biomtrace-new/matching/spatial/ducret-autun-t2-virtual-sawn-full-similarity/seg/log18_board8.jpg,/home/sshirodk/Documents/Biomtrace-new/matching/spatial/ducret-traceability-evaluation-v18/dataset/localization_ground_truth_masks/log18_board8.png
log18_board9,log18,9,2979,1613,330,794,3309,2407,794,330,2.40606061,270,90,4624,3468,/home/sshirodk/Documents/Biomtrace-new/matching/spatial/ducret-autun-t2-virtual-sawn-full-similarity/seg/log18_board9.jpg,/home/sshirodk/Documents/Biomtrace-new/matching/spatial/ducret-traceability-evaluation-v18/dataset/localization_ground_truth_masks/log18_board9.png
log18_board10,log18,10,3147,1566,277,737,3424,2303,737,277,2.66064982,90,270,4624,3468,/home/sshirodk/Documents/Biomtrace-new/matching/spatial/ducret-autun-t2-virtual-sawn-full-similarity/seg/log18_board10.jpg,/home/sshirodk/Documents/Biomtrace-new/matching/spatial/ducret-traceability-evaluation-v18/dataset/localization_ground_truth_masks/log18_board10.png
log19_board1,log19,1,1134,1600,959,322,2093,1922,959,322,2.97826087,90,270,4624,3468,/home/sshirodk/Documents/Biomtrace-new/matching/spatial/ducret-autun-t2-virtual-sawn-full-similarity/seg/log19_board1.jpg,/home/sshirodk/Documents/Biomtrace-new/matching/spatial/ducret-traceability-evaluation-v18/dataset/localization_ground_truth_masks/log19_board1.png
log19_board2,log19,2,980,2061,1065,446,2045,2507,1065,446,2.38789238,180,180,4624,3468,/home/sshirodk/Documents/Biomtrace-new/matching/spatial/ducret-autun-t2-virtual-sawn-full-similarity/seg/log19_board2.jpg,/home/sshirodk/Documents/Biomtrace-new/matching/spatial/ducret-traceability-evaluation-v18/dataset/localization_ground_truth_masks/log19_board2.png
log19_board3,log19,3,1738,1140,370,882,2108,2022,882,370,2.38378378,90,270,4624,3468,/home/sshirodk/Documents/Biomtrace-new/matching/spatial/ducret-autun-t2-virtual-sawn-full-similarity/seg/log19_board3.jpg,/home/sshirodk/Documents/Biomtrace-new/matching/spatial/ducret-traceability-evaluation-v18/dataset/localization_ground_truth_masks/log19_board3.png
log19_board4,log19,4,1918,1756,282,999,2200,2755,999,282,3.54255319,90,270,4624,3468,/home/sshirodk/Documents/Biomtrace-new/matching/spatial/ducret-autun-t2-virtual-sawn-full-similarity/seg/log19_board4.jpg,/home/sshirodk/Documents/Biomtrace-new/matching/spatial/ducret-traceability-evaluation-v18/dataset/localization_ground_truth_masks/log19_board4.png
log19_board5,log19,5,1279,1483,854,271,2133,1754,854,271,3.15129151,270,90,4624,3468,/home/sshirodk/Documents/Biomtrace-new/matching/spatial/ducret-autun-t2-virtual-sawn-full-similarity/seg/log19_board5.jpg,/home/sshirodk/Documents/Biomtrace-new/matching/spatial/ducret-traceability-evaluation-v18/dataset/localization_ground_truth_masks/log19_board5.png
log19_board6,log19,6,1823,996,446,1000,2269,1996,1000,446,2.24215247,180,180,4624,3468,/home/sshirodk/Documents/Biomtrace-new/matching/spatial/ducret-autun-t2-virtual-sawn-full-similarity/seg/log19_board6.jpg,/home/sshirodk/Documents/Biomtrace-new/matching/spatial/ducret-traceability-evaluation-v18/dataset/localization_ground_truth_masks/log19_board6.png
log19_board7,log19,7,1854,2140,1069,276,2923,2416,1069,276,3.87318841,90,270,4624,3468,/home/sshirodk/Documents/Biomtrace-new/matching/spatial/ducret-autun-t2-virtual-sawn-full-similarity/seg/log19_board7.jpg,/home/sshirodk/Documents/Biomtrace-new/matching/spatial/ducret-traceability-evaluation-v18/dataset/localization_ground_truth_masks/log19_board7.png
log19_board8,log19,8,1490,1096,1023,313,2513,1409,1023,313,3.26837061,180,180,4624,3468,/home/sshirodk/Documents/Biomtrace-new/matching/spatial/ducret-autun-t2-virtual-sawn-full-similarity/seg/log19_board8.jpg,/home/sshirodk/Documents/Biomtrace-new/matching/spatial/ducret-traceability-evaluation-v18/dataset/localization_ground_truth_masks/log19_board8.png
log19_board9,log19,9,1979,1678,354,1043,2333,2721,1043,354,2.94632768,180,180,4624,3468,/home/sshirodk/Documents/Biomtrace-new/matching/spatial/ducret-autun-t2-virtual-sawn-full-similarity/seg/log19_board9.jpg,/home/sshirodk/Documents/Biomtrace-new/matching/spatial/ducret-traceability-evaluation-v18/dataset/localization_ground_truth_masks/log19_board9.png
log19_board10,log19,10,2070,1444,1020,316,3090,1760,1020,316,3.22784810,90,270,4624,3468,/home/sshirodk/Documents/Biomtrace-new/matching/spatial/ducret-autun-t2-virtual-sawn-full-similarity/seg/log19_board10.jpg,/home/sshirodk/Documents/Biomtrace-new/matching/spatial/ducret-traceability-evaluation-v18/dataset/localization_ground_truth_masks/log19_board10.png
log20_board1,log20,1,2300,1117,718,181,3018,1298,718,181,3.96685083,90,270,4624,3468,/home/sshirodk/Documents/Biomtrace-new/matching/spatial/ducret-autun-t2-virtual-sawn-full-similarity/seg/log20_board1.jpg,/home/sshirodk/Documents/Biomtrace-new/matching/spatial/ducret-traceability-evaluation-v18/dataset/localization_ground_truth_masks/log20_board1.png
log20_board2,log20,2,2837,1471,773,332,3610,1803,773,332,2.32831325,270,90,4624,3468,/home/sshirodk/Documents/Biomtrace-new/matching/spatial/ducret-autun-t2-virtual-sawn-full-similarity/seg/log20_board2.jpg,/home/sshirodk/Documents/Biomtrace-new/matching/spatial/ducret-traceability-evaluation-v18/dataset/localization_ground_truth_masks/log20_board2.png
log20_board3,log20,3,3219,896,348,791,3567,1687,791,348,2.27298851,90,270,4624,3468,/home/sshirodk/Documents/Biomtrace-new/matching/spatial/ducret-autun-t2-virtual-sawn-full-similarity/seg/log20_board3.jpg,/home/sshirodk/Documents/Biomtrace-new/matching/spatial/ducret-traceability-evaluation-v18/dataset/localization_ground_truth_masks/log20_board3.png
log20_board4,log20,4,2525,1080,762,291,3287,1371,762,291,2.61855670,0,0,4624,3468,/home/sshirodk/Documents/Biomtrace-new/matching/spatial/ducret-autun-t2-virtual-sawn-full-similarity/seg/log20_board4.jpg,/home/sshirodk/Documents/Biomtrace-new/matching/spatial/ducret-traceability-evaluation-v18/dataset/localization_ground_truth_masks/log20_board4.png
log20_board5,log20,5,2354,963,694,241,3048,1204,694,241,2.87966805,270,90,4624,3468,/home/sshirodk/Documents/Biomtrace-new/matching/spatial/ducret-autun-t2-virtual-sawn-full-similarity/seg/log20_board5.jpg,/home/sshirodk/Documents/Biomtrace-new/matching/spatial/ducret-traceability-evaluation-v18/dataset/localization_ground_truth_masks/log20_board5.png
log20_board6,log20,6,2505,1505,224,672,2729,2177,672,224,3.00000000,0,0,4624,3468,/home/sshirodk/Documents/Biomtrace-new/matching/spatial/ducret-autun-t2-virtual-sawn-full-similarity/seg/log20_board6.jpg,/home/sshirodk/Documents/Biomtrace-new/matching/spatial/ducret-traceability-evaluation-v18/dataset/localization_ground_truth_masks/log20_board6.png
log20_board7,log20,7,2497,1609,734,189,3231,1798,734,189,3.88359788,0,0,4624,3468,/home/sshirodk/Documents/Biomtrace-new/matching/spatial/ducret-autun-t2-virtual-sawn-full-similarity/seg/log20_board7.jpg,/home/sshirodk/Documents/Biomtrace-new/matching/spatial/ducret-traceability-evaluation-v18/dataset/localization_ground_truth_masks/log20_board7.png
log20_board8,log20,8,2263,1373,219,733,2482,2106,733,219,3.34703196,0,0,4624,3468,/home/sshirodk/Documents/Biomtrace-new/matching/spatial/ducret-autun-t2-virtual-sawn-full-similarity/seg/log20_board8.jpg,/home/sshirodk/Documents/Biomtrace-new/matching/spatial/ducret-traceability-evaluation-v18/dataset/localization_ground_truth_masks/log20_board8.png
log20_board9,log20,9,2039,1556,673,169,2712,1725,673,169,3.98224852,90,270,4624,3468,/home/sshirodk/Documents/Biomtrace-new/matching/spatial/ducret-autun-t2-virtual-sawn-full-similarity/seg/log20_board9.jpg,/home/sshirodk/Documents/Biomtrace-new/matching/spatial/ducret-traceability-evaluation-v18/dataset/localization_ground_truth_masks/log20_board9.png
log20_board10,log20,10,2769,1362,212,617,2981,1979,617,212,2.91037736,0,0,4624,3468,/home/sshirodk/Documents/Biomtrace-new/matching/spatial/ducret-autun-t2-virtual-sawn-full-similarity/seg/log20_board10.jpg,/home/sshirodk/Documents/Biomtrace-new/matching/spatial/ducret-traceability-evaluation-v18/dataset/localization_ground_truth_masks/log20_board10.png
log21_board1,log21,1,3169,1470,230,817,3399,2287,817,230,3.55217391,90,270,4624,3468,/home/sshirodk/Documents/Biomtrace-new/matching/spatial/ducret-autun-t2-virtual-sawn-full-similarity/seg/log21_board1.jpg,/home/sshirodk/Documents/Biomtrace-new/matching/spatial/ducret-traceability-evaluation-v18/dataset/localization_ground_truth_masks/log21_board1.png
log21_board2,log21,2,2363,2241,714,216,3077,2457,714,216,3.30555556,180,180,4624,3468,/home/sshirodk/Documents/Biomtrace-new/matching/spatial/ducret-autun-t2-virtual-sawn-full-similarity/seg/log21_board2.jpg,/home/sshirodk/Documents/Biomtrace-new/matching/spatial/ducret-traceability-evaluation-v18/dataset/localization_ground_truth_masks/log21_board2.png
log21_board3,log21,3,2743,1885,255,750,2998,2635,750,255,2.94117647,270,90,4624,3468,/home/sshirodk/Documents/Biomtrace-new/matching/spatial/ducret-autun-t2-virtual-sawn-full-similarity/seg/log21_board3.jpg,/home/sshirodk/Documents/Biomtrace-new/matching/spatial/ducret-traceability-evaluation-v18/dataset/localization_ground_truth_masks/log21_board3.png
log21_board4,log21,4,2521,1294,715,269,3236,1563,715,269,2.65799257,90,270,4624,3468,/home/sshirodk/Documents/Biomtrace-new/matching/spatial/ducret-autun-t2-virtual-sawn-full-similarity/seg/log21_board4.jpg,/home/sshirodk/Documents/Biomtrace-new/matching/spatial/ducret-traceability-evaluation-v18/dataset/localization_ground_truth_masks/log21_board4.png
log21_board5,log21,5,1789,1767,256,918,2045,2685,918,256,3.58593750,0,0,4624,3468,/home/sshirodk/Documents/Biomtrace-new/matching/spatial/ducret-autun-t2-virtual-sawn-full-similarity/seg/log21_board5.jpg,/home/sshirodk/Documents/Biomtrace-new/matching/spatial/ducret-traceability-evaluation-v18/dataset/localization_ground_truth_masks/log21_board5.png
log21_board6,log21,6,1885,1761,420,921,2305,2682,921,420,2.19285714,180,180,4624,3468,/home/sshirodk/Documents/Biomtrace-new/matching/spatial/ducret-autun-t2-virtual-sawn-full-similarity/seg/log21_board6.jpg,/home/sshirodk/Documents/Biomtrace-new/matching/spatial/ducret-traceability-evaluation-v18/dataset/localization_ground_truth_masks/log21_board6.png
log21_board7,log21,7,2012,1934,853,235,2865,2169,853,235,3.62978723,90,270,4624,3468,/home/sshirodk/Documents/Biomtrace-new/matching/spatial/ducret-autun-t2-virtual-sawn-full-similarity/seg/log21_board7.jpg,/home/sshirodk/Documents/Biomtrace-new/matching/spatial/ducret-traceability-evaluation-v18/dataset/localization_ground_truth_masks/log21_board7.png
log21_board8,log21,8,1958,1482,351,890,2309,2372,890,351,2.53561254,90,270,4624,3468,/home/sshirodk/Documents/Biomtrace-new/matching/spatial/ducret-autun-t2-virtual-sawn-full-similarity/seg/log21_board8.jpg,/home/sshirodk/Documents/Biomtrace-new/matching/spatial/ducret-traceability-evaluation-v18/dataset/localization_ground_truth_masks/log21_board8.png
log21_board9,log21,9,2704,1903,712,226,3416,2129,712,226,3.15044248,0,0,4624,3468,/home/sshirodk/Documents/Biomtrace-new/matching/spatial/ducret-autun-t2-virtual-sawn-full-similarity/seg/log21_board9.jpg,/home/sshirodk/Documents/Biomtrace-new/matching/spatial/ducret-traceability-evaluation-v18/dataset/localization_ground_truth_masks/log21_board9.png
log21_board10,log21,10,2394,1304,344,778,2738,2082,778,344,2.26162791,90,270,4624,3468,/home/sshirodk/Documents/Biomtrace-new/matching/spatial/ducret-autun-t2-virtual-sawn-full-similarity/seg/log21_board10.jpg,/home/sshirodk/Documents/Biomtrace-new/matching/spatial/ducret-traceability-evaluation-v18/dataset/localization_ground_truth_masks/log21_board10.png
log22_board1,log22,1,2521,1767,887,417,3408,2184,887,417,2.12709832,0,0,4624,3468,/home/sshirodk/Documents/Biomtrace-new/matching/spatial/ducret-autun-t2-virtual-sawn-full-similarity/seg/log22_board1.jpg,/home/sshirodk/Documents/Biomtrace-new/matching/spatial/ducret-traceability-evaluation-v18/dataset/localization_ground_truth_masks/log22_board1.png
log22_board2,log22,2,2400,1754,924,345,3324,2099,924,345,2.67826087,180,180,4624,3468,/home/sshirodk/Documents/Biomtrace-new/matching/spatial/ducret-autun-t2-virtual-sawn-full-similarity/seg/log22_board2.jpg,/home/sshirodk/Documents/Biomtrace-new/matching/spatial/ducret-traceability-evaluation-v18/dataset/localization_ground_truth_masks/log22_board2.png
log22_board3,log22,3,3242,1782,216,859,3458,2641,859,216,3.97685185,0,0,4624,3468,/home/sshirodk/Documents/Biomtrace-new/matching/spatial/ducret-autun-t2-virtual-sawn-full-similarity/seg/log22_board3.jpg,/home/sshirodk/Documents/Biomtrace-new/matching/spatial/ducret-traceability-evaluation-v18/dataset/localization_ground_truth_masks/log22_board3.png
log22_board4,log22,4,1926,1949,876,228,2802,2177,876,228,3.84210526,90,270,4624,3468,/home/sshirodk/Documents/Biomtrace-new/matching/spatial/ducret-autun-t2-virtual-sawn-full-similarity/seg/log22_board4.jpg,/home/sshirodk/Documents/Biomtrace-new/matching/spatial/ducret-traceability-evaluation-v18/dataset/localization_ground_truth_masks/log22_board4.png
log22_board5,log22,5,2148,2404,923,232,3071,2636,923,232,3.97844828,90,270,4624,3468,/home/sshirodk/Documents/Biomtrace-new/matching/spatial/ducret-autun-t2-virtual-sawn-full-similarity/seg/log22_board5.jpg,/home/sshirodk/Documents/Biomtrace-new/matching/spatial/ducret-traceability-evaluation-v18/dataset/localization_ground_truth_masks/log22_board5.png
log22_board6,log22,6,2235,1544,198,706,2433,2250,706,198,3.56565657,180,180,4624,3468,/home/sshirodk/Documents/Biomtrace-new/matching/spatial/ducret-autun-t2-virtual-sawn-full-similarity/seg/log22_board6.jpg,/home/sshirodk/Documents/Biomtrace-new/matching/spatial/ducret-traceability-evaluation-v18/dataset/localization_ground_truth_masks/log22_board6.png
log22_board7,log22,7,2157,2086,191,759,2348,2845,759,191,3.97382199,180,180,4624,3468,/home/sshirodk/Documents/Biomtrace-new/matching/spatial/ducret-autun-t2-virtual-sawn-full-similarity/seg/log22_board7.jpg,/home/sshirodk/Documents/Biomtrace-new/matching/spatial/ducret-traceability-evaluation-v18/dataset/localization_ground_truth_masks/log22_board7.png
log22_board8,log22,8,2547,1134,208,751,2755,1885,751,208,3.61057692,270,90,4624,3468,/home/sshirodk/Documents/Biomtrace-new/matching/spatial/ducret-autun-t2-virtual-sawn-full-similarity/seg/log22_board8.jpg,/home/sshirodk/Documents/Biomtrace-new/matching/spatial/ducret-traceability-evaluation-v18/dataset/localization_ground_truth_masks/log22_board8.png
log22_board9,log22,9,2362,1067,924,353,3286,1420,924,353,2.61756374,180,180,4624,3468,/home/sshirodk/Documents/Biomtrace-new/matching/spatial/ducret-autun-t2-virtual-sawn-full-similarity/seg/log22_board9.jpg,/home/sshirodk/Documents/Biomtrace-new/matching/spatial/ducret-traceability-evaluation-v18/dataset/localization_ground_truth_masks/log22_board9.png
log22_board10,log22,10,2393,1657,712,353,3105,2010,712,353,2.01699717,0,0,4624,3468,/home/sshirodk/Documents/Biomtrace-new/matching/spatial/ducret-autun-t2-virtual-sawn-full-similarity/seg/log22_board10.jpg,/home/sshirodk/Documents/Biomtrace-new/matching/spatial/ducret-traceability-evaluation-v18/dataset/localization_ground_truth_masks/log22_board10.png
log23_board1,log23,1,1950,1784,329,965,2279,2749,965,329,2.93313070,90,270,4624,3468,/home/sshirodk/Documents/Biomtrace-new/matching/spatial/ducret-autun-t2-virtual-sawn-full-similarity/seg/log23_board1.jpg,/home/sshirodk/Documents/Biomtrace-new/matching/spatial/ducret-traceability-evaluation-v18/dataset/localization_ground_truth_masks/log23_board1.png
log23_board2,log23,2,2350,1274,325,932,2675,2206,932,325,2.86769231,90,270,4624,3468,/home/sshirodk/Documents/Biomtrace-new/matching/spatial/ducret-autun-t2-virtual-sawn-full-similarity/seg/log23_board2.jpg,/home/sshirodk/Documents/Biomtrace-new/matching/spatial/ducret-traceability-evaluation-v18/dataset/localization_ground_truth_masks/log23_board2.png
log23_board3,log23,3,2192,2201,1006,262,3198,2463,1006,262,3.83969466,180,180,4624,3468,/home/sshirodk/Documents/Biomtrace-new/matching/spatial/ducret-autun-t2-virtual-sawn-full-similarity/seg/log23_board3.jpg,/home/sshirodk/Documents/Biomtrace-new/matching/spatial/ducret-traceability-evaluation-v18/dataset/localization_ground_truth_masks/log23_board3.png
log23_board4,log23,4,1696,1078,908,369,2604,1447,908,369,2.46070461,0,0,4624,3468,/home/sshirodk/Documents/Biomtrace-new/matching/spatial/ducret-autun-t2-virtual-sawn-full-similarity/seg/log23_board4.jpg,/home/sshirodk/Documents/Biomtrace-new/matching/spatial/ducret-traceability-evaluation-v18/dataset/localization_ground_truth_masks/log23_board4.png
log23_board5,log23,5,2133,2146,921,317,3054,2463,921,317,2.90536278,180,180,4624,3468,/home/sshirodk/Documents/Biomtrace-new/matching/spatial/ducret-autun-t2-virtual-sawn-full-similarity/seg/log23_board5.jpg,/home/sshirodk/Documents/Biomtrace-new/matching/spatial/ducret-traceability-evaluation-v18/dataset/localization_ground_truth_masks/log23_board5.png
log23_board6,log23,6,1473,1580,272,902,1745,2482,902,272,3.31617647,180,180,4624,3468,/home/sshirodk/Documents/Biomtrace-new/matching/spatial/ducret-autun-t2-virtual-sawn-full-similarity/seg/log23_board6.jpg,/home/sshirodk/Documents/Biomtrace-new/matching/spatial/ducret-traceability-evaluation-v18/dataset/localization_ground_truth_masks/log23_board6.png
log23_board7,log23,7,2249,983,992,491,3241,1474,992,491,2.02036660,90,270,4624,3468,/home/sshirodk/Documents/Biomtrace-new/matching/spatial/ducret-autun-t2-virtual-sawn-full-similarity/seg/log23_board7.jpg,/home/sshirodk/Documents/Biomtrace-new/matching/spatial/ducret-traceability-evaluation-v18/dataset/localization_ground_truth_masks/log23_board7.png
log23_board8,log23,8,2268,1796,817,404,3085,2200,817,404,2.02227723,0,0,4624,3468,/home/sshirodk/Documents/Biomtrace-new/matching/spatial/ducret-autun-t2-virtual-sawn-full-similarity/seg/log23_board8.jpg,/home/sshirodk/Documents/Biomtrace-new/matching/spatial/ducret-traceability-evaluation-v18/dataset/localization_ground_truth_masks/log23_board8.png
log23_board9,log23,9,2739,1199,857,388,3596,1587,857,388,2.20876289,180,180,4624,3468,/home/sshirodk/Documents/Biomtrace-new/matching/spatial/ducret-autun-t2-virtual-sawn-full-similarity/seg/log23_board9.jpg,/home/sshirodk/Documents/Biomtrace-new/matching/spatial/ducret-traceability-evaluation-v18/dataset/localization_ground_truth_masks/log23_board9.png
log23_board10,log23,10,2106,1501,368,1037,2474,2538,1037,368,2.81793478,180,180,4624,3468,/home/sshirodk/Documents/Biomtrace-new/matching/spatial/ducret-autun-t2-virtual-sawn-full-similarity/seg/log23_board10.jpg,/home/sshirodk/Documents/Biomtrace-new/matching/spatial/ducret-traceability-evaluation-v18/dataset/localization_ground_truth_masks/log23_board10.png
log24_board1,log24,1,1728,2027,1002,266,2730,2293,1002,266,3.76691729,0,0,4624,3468,/home/sshirodk/Documents/Biomtrace-new/matching/spatial/ducret-autun-t2-virtual-sawn-full-similarity/seg/log24_board1.jpg,/home/sshirodk/Documents/Biomtrace-new/matching/spatial/ducret-traceability-evaluation-v18/dataset/localization_ground_truth_masks/log24_board1.png
log24_board2,log24,2,2878,1034,419,959,3297,1993,959,419,2.28878282,0,0,4624,3468,/home/sshirodk/Documents/Biomtrace-new/matching/spatial/ducret-autun-t2-virtual-sawn-full-similarity/seg/log24_board2.jpg,/home/sshirodk/Documents/Biomtrace-new/matching/spatial/ducret-traceability-evaluation-v18/dataset/localization_ground_truth_masks/log24_board2.png
log24_board3,log24,3,1333,1354,513,1066,1846,2420,1066,513,2.07797271,90,270,4624,3468,/home/sshirodk/Documents/Biomtrace-new/matching/spatial/ducret-autun-t2-virtual-sawn-full-similarity/seg/log24_board3.jpg,/home/sshirodk/Documents/Biomtrace-new/matching/spatial/ducret-traceability-evaluation-v18/dataset/localization_ground_truth_masks/log24_board3.png
log24_board4,log24,4,2723,1301,440,1016,3163,2317,1016,440,2.30909091,0,0,4624,3468,/home/sshirodk/Documents/Biomtrace-new/matching/spatial/ducret-autun-t2-virtual-sawn-full-similarity/seg/log24_board4.jpg,/home/sshirodk/Documents/Biomtrace-new/matching/spatial/ducret-traceability-evaluation-v18/dataset/localization_ground_truth_masks/log24_board4.png
log24_board5,log24,5,3367,850,421,1037,3788,1887,1037,421,2.46318290,0,0,4624,3468,/home/sshirodk/Documents/Biomtrace-new/matching/spatial/ducret-autun-t2-virtual-sawn-full-similarity/seg/log24_board5.jpg,/home/sshirodk/Documents/Biomtrace-new/matching/spatial/ducret-traceability-evaluation-v18/dataset/localization_ground_truth_masks/log24_board5.png
log24_board6,log24,6,1564,1558,1203,310,2767,1868,1203,310,3.88064516,270,90,4624,3468,/home/sshirodk/Documents/Biomtrace-new/matching/spatial/ducret-autun-t2-virtual-sawn-full-similarity/seg/log24_board6.jpg,/home/sshirodk/Documents/Biomtrace-new/matching/spatial/ducret-traceability-evaluation-v18/dataset/localization_ground_truth_masks/log24_board6.png
log24_board7,log24,7,2974,591,356,1090,3330,1681,1090,356,3.06179775,90,270,4624,3468,/home/sshirodk/Documents/Biomtrace-new/matching/spatial/ducret-autun-t2-virtual-sawn-full-similarity/seg/log24_board7.jpg,/home/sshirodk/Documents/Biomtrace-new/matching/spatial/ducret-traceability-evaluation-v18/dataset/localization_ground_truth_masks/log24_board7.png
log24_board8,log24,8,1884,645,1237,313,3121,958,1237,313,3.95207668,0,0,4624,3468,/home/sshirodk/Documents/Biomtrace-new/matching/spatial/ducret-autun-t2-virtual-sawn-full-similarity/seg/log24_board8.jpg,/home/sshirodk/Documents/Biomtrace-new/matching/spatial/ducret-traceability-evaluation-v18/dataset/localization_ground_truth_masks/log24_board8.png
log24_board9,log24,9,2509,555,1018,412,3527,967,1018,412,2.47087379,90,270,4624,3468,/home/sshirodk/Documents/Biomtrace-new/matching/spatial/ducret-autun-t2-virtual-sawn-full-similarity/seg/log24_board9.jpg,/home/sshirodk/Documents/Biomtrace-new/matching/spatial/ducret-traceability-evaluation-v18/dataset/localization_ground_truth_masks/log24_board9.png
log24_board10,log24,10,2374,901,1188,302,3562,1203,1188,302,3.93377483,0,0,4624,3468,/home/sshirodk/Documents/Biomtrace-new/matching/spatial/ducret-autun-t2-virtual-sawn-full-similarity/seg/log24_board10.jpg,/home/sshirodk/Documents/Biomtrace-new/matching/spatial/ducret-traceability-evaluation-v18/dataset/localization_ground_truth_masks/log24_board10.png
log25_board1,log25,1,1708,1610,429,1144,2137,2754,1144,429,2.66666667,270,90,4624,3468,/home/sshirodk/Documents/Biomtrace-new/matching/spatial/ducret-autun-t2-virtual-sawn-full-similarity/seg/log25_board1.jpg,/home/sshirodk/Documents/Biomtrace-new/matching/spatial/ducret-traceability-evaluation-v18/dataset/localization_ground_truth_masks/log25_board1.png
log25_board2,log25,2,1939,536,249,921,2188,1457,921,249,3.69879518,270,90,4624,3468,/home/sshirodk/Documents/Biomtrace-new/matching/spatial/ducret-autun-t2-virtual-sawn-full-similarity/seg/log25_board2.jpg,/home/sshirodk/Documents/Biomtrace-new/matching/spatial/ducret-traceability-evaluation-v18/dataset/localization_ground_truth_masks/log25_board2.png
log25_board3,log25,3,2215,1762,952,265,3167,2027,952,265,3.59245283,0,0,4624,3468,/home/sshirodk/Documents/Biomtrace-new/matching/spatial/ducret-autun-t2-virtual-sawn-full-similarity/seg/log25_board3.jpg,/home/sshirodk/Documents/Biomtrace-new/matching/spatial/ducret-traceability-evaluation-v18/dataset/localization_ground_truth_masks/log25_board3.png
log25_board4,log25,4,2218,1775,518,1052,2736,2827,1052,518,2.03088803,90,270,4624,3468,/home/sshirodk/Documents/Biomtrace-new/matching/spatial/ducret-autun-t2-virtual-sawn-full-similarity/seg/log25_board4.jpg,/home/sshirodk/Documents/Biomtrace-new/matching/spatial/ducret-traceability-evaluation-v18/dataset/localization_ground_truth_masks/log25_board4.png
log25_board5,log25,5,2131,1340,1011,358,3142,1698,1011,358,2.82402235,0,0,4624,3468,/home/sshirodk/Documents/Biomtrace-new/matching/spatial/ducret-autun-t2-virtual-sawn-full-similarity/seg/log25_board5.jpg,/home/sshirodk/Documents/Biomtrace-new/matching/spatial/ducret-traceability-evaluation-v18/dataset/localization_ground_truth_masks/log25_board5.png
log25_board6,log25,6,2501,1695,392,896,2893,2591,896,392,2.28571429,90,270,4624,3468,/home/sshirodk/Documents/Biomtrace-new/matching/spatial/ducret-autun-t2-virtual-sawn-full-similarity/seg/log25_board6.jpg,/home/sshirodk/Documents/Biomtrace-new/matching/spatial/ducret-traceability-evaluation-v18/dataset/localization_ground_truth_masks/log25_board6.png
log25_board7,log25,7,1698,1798,365,895,2063,2693,895,365,2.45205479,180,180,4624,3468,/home/sshirodk/Documents/Biomtrace-new/matching/spatial/ducret-autun-t2-virtual-sawn-full-similarity/seg/log25_board7.jpg,/home/sshirodk/Documents/Biomtrace-new/matching/spatial/ducret-traceability-evaluation-v18/dataset/localization_ground_truth_masks/log25_board7.png
log25_board8,log25,8,3128,1442,351,1015,3479,2457,1015,351,2.89173789,270,90,4624,3468,/home/sshirodk/Documents/Biomtrace-new/matching/spatial/ducret-autun-t2-virtual-sawn-full-similarity/seg/log25_board8.jpg,/home/sshirodk/Documents/Biomtrace-new/matching/spatial/ducret-traceability-evaluation-v18/dataset/localization_ground_truth_masks/log25_board8.png
log25_board9,log25,9,1851,1747,979,246,2830,1993,979,246,3.97967480,180,180,4624,3468,/home/sshirodk/Documents/Biomtrace-new/matching/spatial/ducret-autun-t2-virtual-sawn-full-similarity/seg/log25_board9.jpg,/home/sshirodk/Documents/Biomtrace-new/matching/spatial/ducret-traceability-evaluation-v18/dataset/localization_ground_truth_masks/log25_board9.png
log25_board10,log25,10,2080,2277,1028,388,3108,2665,1028,388,2.64948454,90,270,4624,3468,/home/sshirodk/Documents/Biomtrace-new/matching/spatial/ducret-autun-t2-virtual-sawn-full-similarity/seg/log25_board10.jpg,/home/sshirodk/Documents/Biomtrace-new/matching/spatial/ducret-traceability-evaluation-v18/dataset/localization_ground_truth_masks/log25_board10.png
log26_board1,log26,1,2910,1322,424,1100,3334,2422,1100,424,2.59433962,0,0,4624,3468,/home/sshirodk/Documents/Biomtrace-new/matching/spatial/ducret-autun-t2-virtual-sawn-full-similarity/seg/log26_board1.jpg,/home/sshirodk/Documents/Biomtrace-new/matching/spatial/ducret-traceability-evaluation-v18/dataset/localization_ground_truth_masks/log26_board1.png
log26_board2,log26,2,2456,1862,280,1056,2736,2918,1056,280,3.77142857,90,270,4624,3468,/home/sshirodk/Documents/Biomtrace-new/matching/spatial/ducret-autun-t2-virtual-sawn-full-similarity/seg/log26_board2.jpg,/home/sshirodk/Documents/Biomtrace-new/matching/spatial/ducret-traceability-evaluation-v18/dataset/localization_ground_truth_masks/log26_board2.png
log26_board3,log26,3,2213,1824,335,1026,2548,2850,1026,335,3.06268657,270,90,4624,3468,/home/sshirodk/Documents/Biomtrace-new/matching/spatial/ducret-autun-t2-virtual-sawn-full-similarity/seg/log26_board3.jpg,/home/sshirodk/Documents/Biomtrace-new/matching/spatial/ducret-traceability-evaluation-v18/dataset/localization_ground_truth_masks/log26_board3.png
log26_board4,log26,4,2489,1781,382,1159,2871,2940,1159,382,3.03403141,90,270,4624,3468,/home/sshirodk/Documents/Biomtrace-new/matching/spatial/ducret-autun-t2-virtual-sawn-full-similarity/seg/log26_board4.jpg,/home/sshirodk/Documents/Biomtrace-new/matching/spatial/ducret-traceability-evaluation-v18/dataset/localization_ground_truth_masks/log26_board4.png
log26_board5,log26,5,2833,447,244,937,3077,1384,937,244,3.84016393,180,180,4624,3468,/home/sshirodk/Documents/Biomtrace-new/matching/spatial/ducret-autun-t2-virtual-sawn-full-similarity/seg/log26_board5.jpg,/home/sshirodk/Documents/Biomtrace-new/matching/spatial/ducret-traceability-evaluation-v18/dataset/localization_ground_truth_masks/log26_board5.png
log26_board6,log26,6,2401,852,922,255,3323,1107,922,255,3.61568627,180,180,4624,3468,/home/sshirodk/Documents/Biomtrace-new/matching/spatial/ducret-autun-t2-virtual-sawn-full-similarity/seg/log26_board6.jpg,/home/sshirodk/Documents/Biomtrace-new/matching/spatial/ducret-traceability-evaluation-v18/dataset/localization_ground_truth_masks/log26_board6.png
log26_board7,log26,7,2341,1508,1030,267,3371,1775,1030,267,3.85767790,270,90,4624,3468,/home/sshirodk/Documents/Biomtrace-new/matching/spatial/ducret-autun-t2-virtual-sawn-full-similarity/seg/log26_board7.jpg,/home/sshirodk/Documents/Biomtrace-new/matching/spatial/ducret-traceability-evaluation-v18/dataset/localization_ground_truth_masks/log26_board7.png
log26_board8,log26,8,1820,1215,1113,405,2933,1620,1113,405,2.74814815,90,270,4624,3468,/home/sshirodk/Documents/Biomtrace-new/matching/spatial/ducret-autun-t2-virtual-sawn-full-similarity/seg/log26_board8.jpg,/home/sshirodk/Documents/Biomtrace-new/matching/spatial/ducret-traceability-evaluation-v18/dataset/localization_ground_truth_masks/log26_board8.png
log26_board9,log26,9,3219,743,273,900,3492,1643,900,273,3.29670330,180,180,4624,3468,/home/sshirodk/Documents/Biomtrace-new/matching/spatial/ducret-autun-t2-virtual-sawn-full-similarity/seg/log26_board9.jpg,/home/sshirodk/Documents/Biomtrace-new/matching/spatial/ducret-traceability-evaluation-v18/dataset/localization_ground_truth_masks/log26_board9.png
log26_board10,log26,10,2283,1446,989,323,3272,1769,989,323,3.06191950,90,270,4624,3468,/home/sshirodk/Documents/Biomtrace-new/matching/spatial/ducret-autun-t2-virtual-sawn-full-similarity/seg/log26_board10.jpg,/home/sshirodk/Documents/Biomtrace-new/matching/spatial/ducret-traceability-evaluation-v18/dataset/localization_ground_truth_masks/log26_board10.png
log27_board1,log27,1,2697,1756,260,975,2957,2731,975,260,3.75000000,180,180,4624,3468,/home/sshirodk/Documents/Biomtrace-new/matching/spatial/ducret-autun-t2-virtual-sawn-full-similarity/seg/log27_board1.jpg,/home/sshirodk/Documents/Biomtrace-new/matching/spatial/ducret-traceability-evaluation-v18/dataset/localization_ground_truth_masks/log27_board1.png
log27_board2,log27,2,3148,1208,315,947,3463,2155,947,315,3.00634921,270,90,4624,3468,/home/sshirodk/Documents/Biomtrace-new/matching/spatial/ducret-autun-t2-virtual-sawn-full-similarity/seg/log27_board2.jpg,/home/sshirodk/Documents/Biomtrace-new/matching/spatial/ducret-traceability-evaluation-v18/dataset/localization_ground_truth_masks/log27_board2.png
log27_board3,log27,3,3196,1288,408,950,3604,2238,950,408,2.32843137,90,270,4624,3468,/home/sshirodk/Documents/Biomtrace-new/matching/spatial/ducret-autun-t2-virtual-sawn-full-similarity/seg/log27_board3.jpg,/home/sshirodk/Documents/Biomtrace-new/matching/spatial/ducret-traceability-evaluation-v18/dataset/localization_ground_truth_masks/log27_board3.png
log27_board4,log27,4,3487,1412,336,918,3823,2330,918,336,2.73214286,180,180,4624,3468,/home/sshirodk/Documents/Biomtrace-new/matching/spatial/ducret-autun-t2-virtual-sawn-full-similarity/seg/log27_board4.jpg,/home/sshirodk/Documents/Biomtrace-new/matching/spatial/ducret-traceability-evaluation-v18/dataset/localization_ground_truth_masks/log27_board4.png
log27_board5,log27,5,1675,1914,931,275,2606,2189,931,275,3.38545455,180,180,4624,3468,/home/sshirodk/Documents/Biomtrace-new/matching/spatial/ducret-autun-t2-virtual-sawn-full-similarity/seg/log27_board5.jpg,/home/sshirodk/Documents/Biomtrace-new/matching/spatial/ducret-traceability-evaluation-v18/dataset/localization_ground_truth_masks/log27_board5.png
log27_board6,log27,6,2541,1550,346,1145,2887,2695,1145,346,3.30924855,0,0,4624,3468,/home/sshirodk/Documents/Biomtrace-new/matching/spatial/ducret-autun-t2-virtual-sawn-full-similarity/seg/log27_board6.jpg,/home/sshirodk/Documents/Biomtrace-new/matching/spatial/ducret-traceability-evaluation-v18/dataset/localization_ground_truth_masks/log27_board6.png
log27_board7,log27,7,2828,1297,944,339,3772,1636,944,339,2.78466077,0,0,4624,3468,/home/sshirodk/Documents/Biomtrace-new/matching/spatial/ducret-autun-t2-virtual-sawn-full-similarity/seg/log27_board7.jpg,/home/sshirodk/Documents/Biomtrace-new/matching/spatial/ducret-traceability-evaluation-v18/dataset/localization_ground_truth_masks/log27_board7.png
log27_board8,log27,8,2347,500,479,1143,2826,1643,1143,479,2.38622129,270,90,4624,3468,/home/sshirodk/Documents/Biomtrace-new/matching/spatial/ducret-autun-t2-virtual-sawn-full-similarity/seg/log27_board8.jpg,/home/sshirodk/Documents/Biomtrace-new/matching/spatial/ducret-traceability-evaluation-v18/dataset/localization_ground_truth_masks/log27_board8.png
log27_board9,log27,9,2316,2049,452,1128,2768,3177,1128,452,2.49557522,270,90,4624,3468,/home/sshirodk/Documents/Biomtrace-new/matching/spatial/ducret-autun-t2-virtual-sawn-full-similarity/seg/log27_board9.jpg,/home/sshirodk/Documents/Biomtrace-new/matching/spatial/ducret-traceability-evaluation-v18/dataset/localization_ground_truth_masks/log27_board9.png
log27_board10,log27,10,3568,1044,281,910,3849,1954,910,281,3.23843416,270,90,4624,3468,/home/sshirodk/Documents/Biomtrace-new/matching/spatial/ducret-autun-t2-virtual-sawn-full-similarity/seg/log27_board10.jpg,/home/sshirodk/Documents/Biomtrace-new/matching/spatial/ducret-traceability-evaluation-v18/dataset/localization_ground_truth_masks/log27_board10.png
log28_board1,log28,1,1420,1149,875,421,2295,1570,875,421,2.07838480,0,0,4624,3468,/home/sshirodk/Documents/Biomtrace-new/matching/spatial/ducret-autun-t2-virtual-sawn-full-similarity/seg/log28_board1.jpg,/home/sshirodk/Documents/Biomtrace-new/matching/spatial/ducret-traceability-evaluation-v18/dataset/localization_ground_truth_masks/log28_board1.png
log28_board2,log28,2,1798,2347,840,365,2638,2712,840,365,2.30136986,180,180,4624,3468,/home/sshirodk/Documents/Biomtrace-new/matching/spatial/ducret-autun-t2-virtual-sawn-full-similarity/seg/log28_board2.jpg,/home/sshirodk/Documents/Biomtrace-new/matching/spatial/ducret-traceability-evaluation-v18/dataset/localization_ground_truth_masks/log28_board2.png
log28_board3,log28,3,2578,1079,325,1042,2903,2121,1042,325,3.20615385,180,180,4624,3468,/home/sshirodk/Documents/Biomtrace-new/matching/spatial/ducret-autun-t2-virtual-sawn-full-similarity/seg/log28_board3.jpg,/home/sshirodk/Documents/Biomtrace-new/matching/spatial/ducret-traceability-evaluation-v18/dataset/localization_ground_truth_masks/log28_board3.png
log28_board4,log28,4,2050,1440,361,984,2411,2424,984,361,2.72576177,0,0,4624,3468,/home/sshirodk/Documents/Biomtrace-new/matching/spatial/ducret-autun-t2-virtual-sawn-full-similarity/seg/log28_board4.jpg,/home/sshirodk/Documents/Biomtrace-new/matching/spatial/ducret-traceability-evaluation-v18/dataset/localization_ground_truth_masks/log28_board4.png
log28_board5,log28,5,1320,1913,997,356,2317,2269,997,356,2.80056180,0,0,4624,3468,/home/sshirodk/Documents/Biomtrace-new/matching/spatial/ducret-autun-t2-virtual-sawn-full-similarity/seg/log28_board5.jpg,/home/sshirodk/Documents/Biomtrace-new/matching/spatial/ducret-traceability-evaluation-v18/dataset/localization_ground_truth_masks/log28_board5.png
log28_board6,log28,6,1441,2034,964,475,2405,2509,964,475,2.02947368,0,0,4624,3468,/home/sshirodk/Documents/Biomtrace-new/matching/spatial/ducret-autun-t2-virtual-sawn-full-similarity/seg/log28_board6.jpg,/home/sshirodk/Documents/Biomtrace-new/matching/spatial/ducret-traceability-evaluation-v18/dataset/localization_ground_truth_masks/log28_board6.png
log28_board7,log28,7,2413,1805,1090,353,3503,2158,1090,353,3.08781870,0,0,4624,3468,/home/sshirodk/Documents/Biomtrace-new/matching/spatial/ducret-autun-t2-virtual-sawn-full-similarity/seg/log28_board7.jpg,/home/sshirodk/Documents/Biomtrace-new/matching/spatial/ducret-traceability-evaluation-v18/dataset/localization_ground_truth_masks/log28_board7.png
log28_board8,log28,8,1465,652,448,1019,1913,1671,1019,448,2.27455357,270,90,4624,3468,/home/sshirodk/Documents/Biomtrace-new/matching/spatial/ducret-autun-t2-virtual-sawn-full-similarity/seg/log28_board8.jpg,/home/sshirodk/Documents/Biomtrace-new/matching/spatial/ducret-traceability-evaluation-v18/dataset/localization_ground_truth_masks/log28_board8.png
log28_board9,log28,9,1377,1139,1055,295,2432,1434,1055,295,3.57627119,90,270,4624,3468,/home/sshirodk/Documents/Biomtrace-new/matching/spatial/ducret-autun-t2-virtual-sawn-full-similarity/seg/log28_board9.jpg,/home/sshirodk/Documents/Biomtrace-new/matching/spatial/ducret-traceability-evaluation-v18/dataset/localization_ground_truth_masks/log28_board9.png
log28_board10,log28,10,1464,1394,417,847,1881,2241,847,417,2.03117506,270,90,4624,3468,/home/sshirodk/Documents/Biomtrace-new/matching/spatial/ducret-autun-t2-virtual-sawn-full-similarity/seg/log28_board10.jpg,/home/sshirodk/Documents/Biomtrace-new/matching/spatial/ducret-traceability-evaluation-v18/dataset/localization_ground_truth_masks/log28_board10.png
log29_board1,log29,1,1491,1691,843,357,2334,2048,843,357,2.36134454,180,180,4624,3468,/home/sshirodk/Documents/Biomtrace-new/matching/spatial/ducret-autun-t2-virtual-sawn-full-similarity/seg/log29_board1.jpg,/home/sshirodk/Documents/Biomtrace-new/matching/spatial/ducret-traceability-evaluation-v18/dataset/localization_ground_truth_masks/log29_board1.png
log29_board2,log29,2,2401,900,894,310,3295,1210,894,310,2.88387097,0,0,4624,3468,/home/sshirodk/Documents/Biomtrace-new/matching/spatial/ducret-autun-t2-virtual-sawn-full-similarity/seg/log29_board2.jpg,/home/sshirodk/Documents/Biomtrace-new/matching/spatial/ducret-traceability-evaluation-v18/dataset/localization_ground_truth_masks/log29_board2.png
log29_board3,log29,3,2041,1054,379,1083,2420,2137,1083,379,2.85751979,180,180,4624,3468,/home/sshirodk/Documents/Biomtrace-new/matching/spatial/ducret-autun-t2-virtual-sawn-full-similarity/seg/log29_board3.jpg,/home/sshirodk/Documents/Biomtrace-new/matching/spatial/ducret-traceability-evaluation-v18/dataset/localization_ground_truth_masks/log29_board3.png
log29_board4,log29,4,1410,1251,245,907,1655,2158,907,245,3.70204082,270,90,4624,3468,/home/sshirodk/Documents/Biomtrace-new/matching/spatial/ducret-autun-t2-virtual-sawn-full-similarity/seg/log29_board4.jpg,/home/sshirodk/Documents/Biomtrace-new/matching/spatial/ducret-traceability-evaluation-v18/dataset/localization_ground_truth_masks/log29_board4.png
log29_board5,log29,5,2668,1719,410,913,3078,2632,913,410,2.22682927,180,180,4624,3468,/home/sshirodk/Documents/Biomtrace-new/matching/spatial/ducret-autun-t2-virtual-sawn-full-similarity/seg/log29_board5.jpg,/home/sshirodk/Documents/Biomtrace-new/matching/spatial/ducret-traceability-evaluation-v18/dataset/localization_ground_truth_masks/log29_board5.png
log29_board6,log29,6,2443,1134,1080,306,3523,1440,1080,306,3.52941176,270,90,4624,3468,/home/sshirodk/Documents/Biomtrace-new/matching/spatial/ducret-autun-t2-virtual-sawn-full-similarity/seg/log29_board6.jpg,/home/sshirodk/Documents/Biomtrace-new/matching/spatial/ducret-traceability-evaluation-v18/dataset/localization_ground_truth_masks/log29_board6.png
log29_board7,log29,7,2181,565,423,917,2604,1482,917,423,2.16784870,0,0,4624,3468,/home/sshirodk/Documents/Biomtrace-new/matching/spatial/ducret-autun-t2-virtual-sawn-full-similarity/seg/log29_board7.jpg,/home/sshirodk/Documents/Biomtrace-new/matching/spatial/ducret-traceability-evaluation-v18/dataset/localization_ground_truth_masks/log29_board7.png
log29_board8,log29,8,2259,886,433,1030,2692,1916,1030,433,2.37875289,180,180,4624,3468,/home/sshirodk/Documents/Biomtrace-new/matching/spatial/ducret-autun-t2-virtual-sawn-full-similarity/seg/log29_board8.jpg,/home/sshirodk/Documents/Biomtrace-new/matching/spatial/ducret-traceability-evaluation-v18/dataset/localization_ground_truth_masks/log29_board8.png
log29_board9,log29,9,2318,2021,1015,379,3333,2400,1015,379,2.67810026,180,180,4624,3468,/home/sshirodk/Documents/Biomtrace-new/matching/spatial/ducret-autun-t2-virtual-sawn-full-similarity/seg/log29_board9.jpg,/home/sshirodk/Documents/Biomtrace-new/matching/spatial/ducret-traceability-evaluation-v18/dataset/localization_ground_truth_masks/log29_board9.png
log29_board10,log29,10,2180,2133,998,313,3178,2446,998,313,3.18849840,90,270,4624,3468,/home/sshirodk/Documents/Biomtrace-new/matching/spatial/ducret-autun-t2-virtual-sawn-full-similarity/seg/log29_board10.jpg,/home/sshirodk/Documents/Biomtrace-new/matching/spatial/ducret-traceability-evaluation-v18/dataset/localization_ground_truth_masks/log29_board10.png
log30_board1,log30,1,2719,2109,954,348,3673,2457,954,348,2.74137931,270,90,4624,3468,/home/sshirodk/Documents/Biomtrace-new/matching/spatial/ducret-autun-t2-virtual-sawn-full-similarity/seg/log30_board1.jpg,/home/sshirodk/Documents/Biomtrace-new/matching/spatial/ducret-traceability-evaluation-v18/dataset/localization_ground_truth_masks/log30_board1.png
log30_board2,log30,2,2234,1011,1021,439,3255,1450,1021,439,2.32574032,0,0,4624,3468,/home/sshirodk/Documents/Biomtrace-new/matching/spatial/ducret-autun-t2-virtual-sawn-full-similarity/seg/log30_board2.jpg,/home/sshirodk/Documents/Biomtrace-new/matching/spatial/ducret-traceability-evaluation-v18/dataset/localization_ground_truth_masks/log30_board2.png
log30_board3,log30,3,3037,2103,1031,272,4068,2375,1031,272,3.79044118,270,90,4624,3468,/home/sshirodk/Documents/Biomtrace-new/matching/spatial/ducret-autun-t2-virtual-sawn-full-similarity/seg/log30_board3.jpg,/home/sshirodk/Documents/Biomtrace-new/matching/spatial/ducret-traceability-evaluation-v18/dataset/localization_ground_truth_masks/log30_board3.png
log30_board4,log30,4,1490,1514,300,1055,1790,2569,1055,300,3.51666667,0,0,4624,3468,/home/sshirodk/Documents/Biomtrace-new/matching/spatial/ducret-autun-t2-virtual-sawn-full-similarity/seg/log30_board4.jpg,/home/sshirodk/Documents/Biomtrace-new/matching/spatial/ducret-traceability-evaluation-v18/dataset/localization_ground_truth_masks/log30_board4.png
log30_board5,log30,5,2108,1168,1048,323,3156,1491,1048,323,3.24458204,180,180,4624,3468,/home/sshirodk/Documents/Biomtrace-new/matching/spatial/ducret-autun-t2-virtual-sawn-full-similarity/seg/log30_board5.jpg,/home/sshirodk/Documents/Biomtrace-new/matching/spatial/ducret-traceability-evaluation-v18/dataset/localization_ground_truth_masks/log30_board5.png
log30_board6,log30,6,2538,1322,288,1087,2826,2409,1087,288,3.77430556,90,270,4624,3468,/home/sshirodk/Documents/Biomtrace-new/matching/spatial/ducret-autun-t2-virtual-sawn-full-similarity/seg/log30_board6.jpg,/home/sshirodk/Documents/Biomtrace-new/matching/spatial/ducret-traceability-evaluation-v18/dataset/localization_ground_truth_masks/log30_board6.png
log30_board7,log30,7,3075,1169,324,1000,3399,2169,1000,324,3.08641975,180,180,4624,3468,/home/sshirodk/Documents/Biomtrace-new/matching/spatial/ducret-autun-t2-virtual-sawn-full-similarity/seg/log30_board7.jpg,/home/sshirodk/Documents/Biomtrace-new/matching/spatial/ducret-traceability-evaluation-v18/dataset/localization_ground_truth_masks/log30_board7.png
log30_board8,log30,8,1432,1569,1127,334,2559,1903,1127,334,3.37425150,270,90,4624,3468,/home/sshirodk/Documents/Biomtrace-new/matching/spatial/ducret-autun-t2-virtual-sawn-full-similarity/seg/log30_board8.jpg,/home/sshirodk/Documents/Biomtrace-new/matching/spatial/ducret-traceability-evaluation-v18/dataset/localization_ground_truth_masks/log30_board8.png
log30_board9,log30,9,2295,1645,549,1182,2844,2827,1182,549,2.15300546,90,270,4624,3468,/home/sshirodk/Documents/Biomtrace-new/matching/spatial/ducret-autun-t2-virtual-sawn-full-similarity/seg/log30_board9.jpg,/home/sshirodk/Documents/Biomtrace-new/matching/spatial/ducret-traceability-evaluation-v18/dataset/localization_ground_truth_masks/log30_board9.png
log30_board10,log30,10,2055,910,350,1136,2405,2046,1136,350,3.24571429,90,270,4624,3468,/home/sshirodk/Documents/Biomtrace-new/matching/spatial/ducret-autun-t2-virtual-sawn-full-similarity/seg/log30_board10.jpg,/home/sshirodk/Documents/Biomtrace-new/matching/spatial/ducret-traceability-evaluation-v18/dataset/localization_ground_truth_masks/log30_board10.png
log31_board1,log31,1,1845,1699,443,979,2288,2678,979,443,2.20993228,0,0,4624,3468,/home/sshirodk/Documents/Biomtrace-new/matching/spatial/ducret-autun-t2-virtual-sawn-full-similarity/seg/log31_board1.jpg,/home/sshirodk/Documents/Biomtrace-new/matching/spatial/ducret-traceability-evaluation-v18/dataset/localization_ground_truth_masks/log31_board1.png
log31_board2,log31,2,961,2452,1167,388,2128,2840,1167,388,3.00773196,270,90,4624,3468,/home/sshirodk/Documents/Biomtrace-new/matching/spatial/ducret-autun-t2-virtual-sawn-full-similarity/seg/log31_board2.jpg,/home/sshirodk/Documents/Biomtrace-new/matching/spatial/ducret-traceability-evaluation-v18/dataset/localization_ground_truth_masks/log31_board2.png
log31_board3,log31,3,1521,1249,385,1106,1906,2355,1106,385,2.87272727,180,180,4624,3468,/home/sshirodk/Documents/Biomtrace-new/matching/spatial/ducret-autun-t2-virtual-sawn-full-similarity/seg/log31_board3.jpg,/home/sshirodk/Documents/Biomtrace-new/matching/spatial/ducret-traceability-evaluation-v18/dataset/localization_ground_truth_masks/log31_board3.png
log31_board4,log31,4,900,2026,1154,301,2054,2327,1154,301,3.83388704,90,270,4624,3468,/home/sshirodk/Documents/Biomtrace-new/matching/spatial/ducret-autun-t2-virtual-sawn-full-similarity/seg/log31_board4.jpg,/home/sshirodk/Documents/Biomtrace-new/matching/spatial/ducret-traceability-evaluation-v18/dataset/localization_ground_truth_masks/log31_board4.png
log31_board5,log31,5,969,1773,907,405,1876,2178,907,405,2.23950617,270,90,4624,3468,/home/sshirodk/Documents/Biomtrace-new/matching/spatial/ducret-autun-t2-virtual-sawn-full-similarity/seg/log31_board5.jpg,/home/sshirodk/Documents/Biomtrace-new/matching/spatial/ducret-traceability-evaluation-v18/dataset/localization_ground_truth_masks/log31_board5.png
log31_board6,log31,6,2025,1410,375,924,2400,2334,924,375,2.46400000,0,0,4624,3468,/home/sshirodk/Documents/Biomtrace-new/matching/spatial/ducret-autun-t2-virtual-sawn-full-similarity/seg/log31_board6.jpg,/home/sshirodk/Documents/Biomtrace-new/matching/spatial/ducret-traceability-evaluation-v18/dataset/localization_ground_truth_masks/log31_board6.png
log31_board7,log31,7,1347,2438,1096,347,2443,2785,1096,347,3.15850144,180,180,4624,3468,/home/sshirodk/Documents/Biomtrace-new/matching/spatial/ducret-autun-t2-virtual-sawn-full-similarity/seg/log31_board7.jpg,/home/sshirodk/Documents/Biomtrace-new/matching/spatial/ducret-traceability-evaluation-v18/dataset/localization_ground_truth_masks/log31_board7.png
log31_board8,log31,8,1192,1747,893,290,2085,2037,893,290,3.07931034,180,180,4624,3468,/home/sshirodk/Documents/Biomtrace-new/matching/spatial/ducret-autun-t2-virtual-sawn-full-similarity/seg/log31_board8.jpg,/home/sshirodk/Documents/Biomtrace-new/matching/spatial/ducret-traceability-evaluation-v18/dataset/localization_ground_truth_masks/log31_board8.png
log31_board9,log31,9,1013,2278,1164,374,2177,2652,1164,374,3.11229947,270,90,4624,3468,/home/sshirodk/Documents/Biomtrace-new/matching/spatial/ducret-autun-t2-virtual-sawn-full-similarity/seg/log31_board9.jpg,/home/sshirodk/Documents/Biomtrace-new/matching/spatial/ducret-traceability-evaluation-v18/dataset/localization_ground_truth_masks/log31_board9.png
log31_board10,log31,10,1731,1658,253,920,1984,2578,920,253,3.63636364,90,270,4624,3468,/home/sshirodk/Documents/Biomtrace-new/matching/spatial/ducret-autun-t2-virtual-sawn-full-similarity/seg/log31_board10.jpg,/home/sshirodk/Documents/Biomtrace-new/matching/spatial/ducret-traceability-evaluation-v18/dataset/localization_ground_truth_masks/log31_board10.png
log32_board1,log32,1,2782,1535,907,288,3689,1823,907,288,3.14930556,180,180,4624,3468,/home/sshirodk/Documents/Biomtrace-new/matching/spatial/ducret-autun-t2-virtual-sawn-full-similarity/seg/log32_board1.jpg,/home/sshirodk/Documents/Biomtrace-new/matching/spatial/ducret-traceability-evaluation-v18/dataset/localization_ground_truth_masks/log32_board1.png
log32_board2,log32,2,1765,1174,391,1126,2156,2300,1126,391,2.87979540,0,0,4624,3468,/home/sshirodk/Documents/Biomtrace-new/matching/spatial/ducret-autun-t2-virtual-sawn-full-similarity/seg/log32_board2.jpg,/home/sshirodk/Documents/Biomtrace-new/matching/spatial/ducret-traceability-evaluation-v18/dataset/localization_ground_truth_masks/log32_board2.png
log32_board3,log32,3,2564,1028,1171,328,3735,1356,1171,328,3.57012195,0,0,4624,3468,/home/sshirodk/Documents/Biomtrace-new/matching/spatial/ducret-autun-t2-virtual-sawn-full-similarity/seg/log32_board3.jpg,/home/sshirodk/Documents/Biomtrace-new/matching/spatial/ducret-traceability-evaluation-v18/dataset/localization_ground_truth_masks/log32_board3.png
log32_board4,log32,4,2280,1916,953,331,3233,2247,953,331,2.87915408,0,0,4624,3468,/home/sshirodk/Documents/Biomtrace-new/matching/spatial/ducret-autun-t2-virtual-sawn-full-similarity/seg/log32_board4.jpg,/home/sshirodk/Documents/Biomtrace-new/matching/spatial/ducret-traceability-evaluation-v18/dataset/localization_ground_truth_masks/log32_board4.png
log32_board5,log32,5,3677,996,286,900,3963,1896,900,286,3.14685315,270,90,4624,3468,/home/sshirodk/Documents/Biomtrace-new/matching/spatial/ducret-autun-t2-virtual-sawn-full-similarity/seg/log32_board5.jpg,/home/sshirodk/Documents/Biomtrace-new/matching/spatial/ducret-traceability-evaluation-v18/dataset/localization_ground_truth_masks/log32_board5.png
log32_board6,log32,6,1926,866,1066,484,2992,1350,1066,484,2.20247934,90,270,4624,3468,/home/sshirodk/Documents/Biomtrace-new/matching/spatial/ducret-autun-t2-virtual-sawn-full-similarity/seg/log32_board6.jpg,/home/sshirodk/Documents/Biomtrace-new/matching/spatial/ducret-traceability-evaluation-v18/dataset/localization_ground_truth_masks/log32_board6.png
log32_board7,log32,7,2153,2053,926,457,3079,2510,926,457,2.02625821,90,270,4624,3468,/home/sshirodk/Documents/Biomtrace-new/matching/spatial/ducret-autun-t2-virtual-sawn-full-similarity/seg/log32_board7.jpg,/home/sshirodk/Documents/Biomtrace-new/matching/spatial/ducret-traceability-evaluation-v18/dataset/localization_ground_truth_masks/log32_board7.png
log32_board8,log32,8,2020,1991,1023,310,3043,2301,1023,310,3.30000000,180,180,4624,3468,/home/sshirodk/Documents/Biomtrace-new/matching/spatial/ducret-autun-t2-virtual-sawn-full-similarity/seg/log32_board8.jpg,/home/sshirodk/Documents/Biomtrace-new/matching/spatial/ducret-traceability-evaluation-v18/dataset/localization_ground_truth_masks/log32_board8.png
log32_board9,log32,9,2712,1492,1108,381,3820,1873,1108,381,2.90813648,270,90,4624,3468,/home/sshirodk/Documents/Biomtrace-new/matching/spatial/ducret-autun-t2-virtual-sawn-full-similarity/seg/log32_board9.jpg,/home/sshirodk/Documents/Biomtrace-new/matching/spatial/ducret-traceability-evaluation-v18/dataset/localization_ground_truth_masks/log32_board9.png
log32_board10,log32,10,2693,756,1086,482,3779,1238,1086,482,2.25311203,180,180,4624,3468,/home/sshirodk/Documents/Biomtrace-new/matching/spatial/ducret-autun-t2-virtual-sawn-full-similarity/seg/log32_board10.jpg,/home/sshirodk/Documents/Biomtrace-new/matching/spatial/ducret-traceability-evaluation-v18/dataset/localization_ground_truth_masks/log32_board10.png
log33_board1,log33,1,3018,1571,387,1112,3405,2683,1112,387,2.87338501,0,0,4624,3468,/home/sshirodk/Documents/Biomtrace-new/matching/spatial/ducret-autun-t2-virtual-sawn-full-similarity/seg/log33_board1.jpg,/home/sshirodk/Documents/Biomtrace-new/matching/spatial/ducret-traceability-evaluation-v18/dataset/localization_ground_truth_masks/log33_board1.png
log33_board2,log33,2,2473,1105,1091,401,3564,1506,1091,401,2.72069825,90,270,4624,3468,/home/sshirodk/Documents/Biomtrace-new/matching/spatial/ducret-autun-t2-virtual-sawn-full-similarity/seg/log33_board2.jpg,/home/sshirodk/Documents/Biomtrace-new/matching/spatial/ducret-traceability-evaluation-v18/dataset/localization_ground_truth_masks/log33_board2.png
log33_board3,log33,3,2875,1755,980,441,3855,2196,980,441,2.22222222,270,90,4624,3468,/home/sshirodk/Documents/Biomtrace-new/matching/spatial/ducret-autun-t2-virtual-sawn-full-similarity/seg/log33_board3.jpg,/home/sshirodk/Documents/Biomtrace-new/matching/spatial/ducret-traceability-evaluation-v18/dataset/localization_ground_truth_masks/log33_board3.png
log33_board4,log33,4,1941,1281,270,881,2211,2162,881,270,3.26296296,270,90,4624,3468,/home/sshirodk/Documents/Biomtrace-new/matching/spatial/ducret-autun-t2-virtual-sawn-full-similarity/seg/log33_board4.jpg,/home/sshirodk/Documents/Biomtrace-new/matching/spatial/ducret-traceability-evaluation-v18/dataset/localization_ground_truth_masks/log33_board4.png
log33_board5,log33,5,2302,2606,952,330,3254,2936,952,330,2.88484848,90,270,4624,3468,/home/sshirodk/Documents/Biomtrace-new/matching/spatial/ducret-autun-t2-virtual-sawn-full-similarity/seg/log33_board5.jpg,/home/sshirodk/Documents/Biomtrace-new/matching/spatial/ducret-traceability-evaluation-v18/dataset/localization_ground_truth_masks/log33_board5.png
log33_board6,log33,6,3283,1481,445,950,3728,2431,950,445,2.13483146,270,90,4624,3468,/home/sshirodk/Documents/Biomtrace-new/matching/spatial/ducret-autun-t2-virtual-sawn-full-similarity/seg/log33_board6.jpg,/home/sshirodk/Documents/Biomtrace-new/matching/spatial/ducret-traceability-evaluation-v18/dataset/localization_ground_truth_masks/log33_board6.png
log33_board7,log33,7,2470,1571,290,1139,2760,2710,1139,290,3.92758621,270,90,4624,3468,/home/sshirodk/Documents/Biomtrace-new/matching/spatial/ducret-autun-t2-virtual-sawn-full-similarity/seg/log33_board7.jpg,/home/sshirodk/Documents/Biomtrace-new/matching/spatial/ducret-traceability-evaluation-v18/dataset/localization_ground_truth_masks/log33_board7.png
log33_board8,log33,8,2298,1872,312,912,2610,2784,912,312,2.92307692,90,270,4624,3468,/home/sshirodk/Documents/Biomtrace-new/matching/spatial/ducret-autun-t2-virtual-sawn-full-similarity/seg/log33_board8.jpg,/home/sshirodk/Documents/Biomtrace-new/matching/spatial/ducret-traceability-evaluation-v18/dataset/localization_ground_truth_masks/log33_board8.png
log33_board9,log33,9,3359,1606,880,229,4239,1835,880,229,3.84279476,0,0,4624,3468,/home/sshirodk/Documents/Biomtrace-new/matching/spatial/ducret-autun-t2-virtual-sawn-full-similarity/seg/log33_board9.jpg,/home/sshirodk/Documents/Biomtrace-new/matching/spatial/ducret-traceability-evaluation-v18/dataset/localization_ground_truth_masks/log33_board9.png
log33_board10,log33,10,2876,899,899,263,3775,1162,899,263,3.41825095,90,270,4624,3468,/home/sshirodk/Documents/Biomtrace-new/matching/spatial/ducret-autun-t2-virtual-sawn-full-similarity/seg/log33_board10.jpg,/home/sshirodk/Documents/Biomtrace-new/matching/spatial/ducret-traceability-evaluation-v18/dataset/localization_ground_truth_masks/log33_board10.png
log34_board1,log34,1,2473,1865,406,943,2879,2808,943,406,2.32266010,180,180,4624,3468,/home/sshirodk/Documents/Biomtrace-new/matching/spatial/ducret-autun-t2-virtual-sawn-full-similarity/seg/log34_board1.jpg,/home/sshirodk/Documents/Biomtrace-new/matching/spatial/ducret-traceability-evaluation-v18/dataset/localization_ground_truth_masks/log34_board1.png
log34_board2,log34,2,2351,2521,872,246,3223,2767,872,246,3.54471545,90,270,4624,3468,/home/sshirodk/Documents/Biomtrace-new/matching/spatial/ducret-autun-t2-virtual-sawn-full-similarity/seg/log34_board2.jpg,/home/sshirodk/Documents/Biomtrace-new/matching/spatial/ducret-traceability-evaluation-v18/dataset/localization_ground_truth_masks/log34_board2.png
log34_board3,log34,3,1810,901,956,247,2766,1148,956,247,3.87044534,270,90,4624,3468,/home/sshirodk/Documents/Biomtrace-new/matching/spatial/ducret-autun-t2-virtual-sawn-full-similarity/seg/log34_board3.jpg,/home/sshirodk/Documents/Biomtrace-new/matching/spatial/ducret-traceability-evaluation-v18/dataset/localization_ground_truth_masks/log34_board3.png
log34_board4,log34,4,2341,2175,1055,325,3396,2500,1055,325,3.24615385,90,270,4624,3468,/home/sshirodk/Documents/Biomtrace-new/matching/spatial/ducret-autun-t2-virtual-sawn-full-similarity/seg/log34_board4.jpg,/home/sshirodk/Documents/Biomtrace-new/matching/spatial/ducret-traceability-evaluation-v18/dataset/localization_ground_truth_masks/log34_board4.png
log34_board5,log34,5,2203,1508,1093,365,3296,1873,1093,365,2.99452055,180,180,4624,3468,/home/sshirodk/Documents/Biomtrace-new/matching/spatial/ducret-autun-t2-virtual-sawn-full-similarity/seg/log34_board5.jpg,/home/sshirodk/Documents/Biomtrace-new/matching/spatial/ducret-traceability-evaluation-v18/dataset/localization_ground_truth_masks/log34_board5.png
log34_board6,log34,6,2767,1751,452,988,3219,2739,988,452,2.18584071,270,90,4624,3468,/home/sshirodk/Documents/Biomtrace-new/matching/spatial/ducret-autun-t2-virtual-sawn-full-similarity/seg/log34_board6.jpg,/home/sshirodk/Documents/Biomtrace-new/matching/spatial/ducret-traceability-evaluation-v18/dataset/localization_ground_truth_masks/log34_board6.png
log34_board7,log34,7,2510,1121,958,334,3468,1455,958,334,2.86826347,180,180,4624,3468,/home/sshirodk/Documents/Biomtrace-new/matching/spatial/ducret-autun-t2-virtual-sawn-full-similarity/seg/log34_board7.jpg,/home/sshirodk/Documents/Biomtrace-new/matching/spatial/ducret-traceability-evaluation-v18/dataset/localization_ground_truth_masks/log34_board7.png
log34_board8,log34,8,1913,1638,870,223,2783,1861,870,223,3.90134529,180,180,4624,3468,/home/sshirodk/Documents/Biomtrace-new/matching/spatial/ducret-autun-t2-virtual-sawn-full-similarity/seg/log34_board8.jpg,/home/sshirodk/Documents/Biomtrace-new/matching/spatial/ducret-traceability-evaluation-v18/dataset/localization_ground_truth_masks/log34_board8.png
log34_board9,log34,9,2663,2006,927,342,3590,2348,927,342,2.71052632,180,180,4624,3468,/home/sshirodk/Documents/Biomtrace-new/matching/spatial/ducret-autun-t2-virtual-sawn-full-similarity/seg/log34_board9.jpg,/home/sshirodk/Documents/Biomtrace-new/matching/spatial/ducret-traceability-evaluation-v18/dataset/localization_ground_truth_masks/log34_board9.png
log34_board10,log34,10,2623,903,324,859,2947,1762,859,324,2.65123457,0,0,4624,3468,/home/sshirodk/Documents/Biomtrace-new/matching/spatial/ducret-autun-t2-virtual-sawn-full-similarity/seg/log34_board10.jpg,/home/sshirodk/Documents/Biomtrace-new/matching/spatial/ducret-traceability-evaluation-v18/dataset/localization_ground_truth_masks/log34_board10.png
log35_board1,log35,1,1309,1462,462,927,1771,2389,927,462,2.00649351,180,180,4624,3468,/home/sshirodk/Documents/Biomtrace-new/matching/spatial/ducret-autun-t2-virtual-sawn-full-similarity/seg/log35_board1.jpg,/home/sshirodk/Documents/Biomtrace-new/matching/spatial/ducret-traceability-evaluation-v18/dataset/localization_ground_truth_masks/log35_board1.png
log35_board2,log35,2,1180,2032,910,293,2090,2325,910,293,3.10580205,270,90,4624,3468,/home/sshirodk/Documents/Biomtrace-new/matching/spatial/ducret-autun-t2-virtual-sawn-full-similarity/seg/log35_board2.jpg,/home/sshirodk/Documents/Biomtrace-new/matching/spatial/ducret-traceability-evaluation-v18/dataset/localization_ground_truth_masks/log35_board2.png
log35_board3,log35,3,2592,950,215,808,2807,1758,808,215,3.75813953,90,270,4624,3468,/home/sshirodk/Documents/Biomtrace-new/matching/spatial/ducret-autun-t2-virtual-sawn-full-similarity/seg/log35_board3.jpg,/home/sshirodk/Documents/Biomtrace-new/matching/spatial/ducret-traceability-evaluation-v18/dataset/localization_ground_truth_masks/log35_board3.png
log35_board4,log35,4,1648,1145,875,340,2523,1485,875,340,2.57352941,0,0,4624,3468,/home/sshirodk/Documents/Biomtrace-new/matching/spatial/ducret-autun-t2-virtual-sawn-full-similarity/seg/log35_board4.jpg,/home/sshirodk/Documents/Biomtrace-new/matching/spatial/ducret-traceability-evaluation-v18/dataset/localization_ground_truth_masks/log35_board4.png
log35_board5,log35,5,1840,810,420,1015,2260,1825,1015,420,2.41666667,90,270,4624,3468,/home/sshirodk/Documents/Biomtrace-new/matching/spatial/ducret-autun-t2-virtual-sawn-full-similarity/seg/log35_board5.jpg,/home/sshirodk/Documents/Biomtrace-new/matching/spatial/ducret-traceability-evaluation-v18/dataset/localization_ground_truth_masks/log35_board5.png
log35_board6,log35,6,1337,2282,858,381,2195,2663,858,381,2.25196850,90,270,4624,3468,/home/sshirodk/Documents/Biomtrace-new/matching/spatial/ducret-autun-t2-virtual-sawn-full-similarity/seg/log35_board6.jpg,/home/sshirodk/Documents/Biomtrace-new/matching/spatial/ducret-traceability-evaluation-v18/dataset/localization_ground_truth_masks/log35_board6.png
log35_board7,log35,7,1709,893,407,885,2116,1778,885,407,2.17444717,180,180,4624,3468,/home/sshirodk/Documents/Biomtrace-new/matching/spatial/ducret-autun-t2-virtual-sawn-full-similarity/seg/log35_board7.jpg,/home/sshirodk/Documents/Biomtrace-new/matching/spatial/ducret-traceability-evaluation-v18/dataset/localization_ground_truth_masks/log35_board7.png
log35_board8,log35,8,1639,888,320,822,1959,1710,822,320,2.56875000,90,270,4624,3468,/home/sshirodk/Documents/Biomtrace-new/matching/spatial/ducret-autun-t2-virtual-sawn-full-similarity/seg/log35_board8.jpg,/home/sshirodk/Documents/Biomtrace-new/matching/spatial/ducret-traceability-evaluation-v18/dataset/localization_ground_truth_masks/log35_board8.png
log35_board9,log35,9,1608,626,367,807,1975,1433,807,367,2.19891008,270,90,4624,3468,/home/sshirodk/Documents/Biomtrace-new/matching/spatial/ducret-autun-t2-virtual-sawn-full-similarity/seg/log35_board9.jpg,/home/sshirodk/Documents/Biomtrace-new/matching/spatial/ducret-traceability-evaluation-v18/dataset/localization_ground_truth_masks/log35_board9.png
log35_board10,log35,10,2604,1794,232,882,2836,2676,882,232,3.80172414,0,0,4624,3468,/home/sshirodk/Documents/Biomtrace-new/matching/spatial/ducret-autun-t2-virtual-sawn-full-similarity/seg/log35_board10.jpg,/home/sshirodk/Documents/Biomtrace-new/matching/spatial/ducret-traceability-evaluation-v18/dataset/localization_ground_truth_masks/log35_board10.png
log36_board1,log36,1,2456,1494,1083,397,3539,1891,1083,397,2.72795970,270,90,4624,3468,/home/sshirodk/Documents/Biomtrace-new/matching/spatial/ducret-autun-t2-virtual-sawn-full-similarity/seg/log36_board1.jpg,/home/sshirodk/Documents/Biomtrace-new/matching/spatial/ducret-traceability-evaluation-v18/dataset/localization_ground_truth_masks/log36_board1.png
log36_board2,log36,2,2782,1201,1144,422,3926,1623,1144,422,2.71090047,90,270,4624,3468,/home/sshirodk/Documents/Biomtrace-new/matching/spatial/ducret-autun-t2-virtual-sawn-full-similarity/seg/log36_board2.jpg,/home/sshirodk/Documents/Biomtrace-new/matching/spatial/ducret-traceability-evaluation-v18/dataset/localization_ground_truth_masks/log36_board2.png
log36_board3,log36,3,1651,1369,1184,465,2835,1834,1184,465,2.54623656,90,270,4624,3468,/home/sshirodk/Documents/Biomtrace-new/matching/spatial/ducret-autun-t2-virtual-sawn-full-similarity/seg/log36_board3.jpg,/home/sshirodk/Documents/Biomtrace-new/matching/spatial/ducret-traceability-evaluation-v18/dataset/localization_ground_truth_masks/log36_board3.png
log36_board4,log36,4,3038,1386,388,997,3426,2383,997,388,2.56958763,0,0,4624,3468,/home/sshirodk/Documents/Biomtrace-new/matching/spatial/ducret-autun-t2-virtual-sawn-full-similarity/seg/log36_board4.jpg,/home/sshirodk/Documents/Biomtrace-new/matching/spatial/ducret-traceability-evaluation-v18/dataset/localization_ground_truth_masks/log36_board4.png
log36_board5,log36,5,3172,844,409,1261,3581,2105,1261,409,3.08312958,0,0,4624,3468,/home/sshirodk/Documents/Biomtrace-new/matching/spatial/ducret-autun-t2-virtual-sawn-full-similarity/seg/log36_board5.jpg,/home/sshirodk/Documents/Biomtrace-new/matching/spatial/ducret-traceability-evaluation-v18/dataset/localization_ground_truth_masks/log36_board5.png
log36_board6,log36,6,2972,1687,261,1014,3233,2701,1014,261,3.88505747,180,180,4624,3468,/home/sshirodk/Documents/Biomtrace-new/matching/spatial/ducret-autun-t2-virtual-sawn-full-similarity/seg/log36_board6.jpg,/home/sshirodk/Documents/Biomtrace-new/matching/spatial/ducret-traceability-evaluation-v18/dataset/localization_ground_truth_masks/log36_board6.png
log36_board7,log36,7,2725,1926,1055,388,3780,2314,1055,388,2.71907216,90,270,4624,3468,/home/sshirodk/Documents/Biomtrace-new/matching/spatial/ducret-autun-t2-virtual-sawn-full-similarity/seg/log36_board7.jpg,/home/sshirodk/Documents/Biomtrace-new/matching/spatial/ducret-traceability-evaluation-v18/dataset/localization_ground_truth_masks/log36_board7.png
log36_board8,log36,8,2266,1621,405,1128,2671,2749,1128,405,2.78518519,0,0,4624,3468,/home/sshirodk/Documents/Biomtrace-new/matching/spatial/ducret-autun-t2-virtual-sawn-full-similarity/seg/log36_board8.jpg,/home/sshirodk/Documents/Biomtrace-new/matching/spatial/ducret-traceability-evaluation-v18/dataset/localization_ground_truth_masks/log36_board8.png
log36_board9,log36,9,2763,1997,1094,315,3857,2312,1094,315,3.47301587,90,270,4624,3468,/home/sshirodk/Documents/Biomtrace-new/matching/spatial/ducret-autun-t2-virtual-sawn-full-similarity/seg/log36_board9.jpg,/home/sshirodk/Documents/Biomtrace-new/matching/spatial/ducret-traceability-evaluation-v18/dataset/localization_ground_truth_masks/log36_board9.png
log36_board10,log36,10,2666,1800,381,1003,3047,2803,1003,381,2.63254593,180,180,4624,3468,/home/sshirodk/Documents/Biomtrace-new/matching/spatial/ducret-autun-t2-virtual-sawn-full-similarity/seg/log36_board10.jpg,/home/sshirodk/Documents/Biomtrace-new/matching/spatial/ducret-traceability-evaluation-v18/dataset/localization_ground_truth_masks/log36_board10.png
log37_board1,log37,1,1974,1083,1012,260,2986,1343,1012,260,3.89230769,180,180,4624,3468,/home/sshirodk/Documents/Biomtrace-new/matching/spatial/ducret-autun-t2-virtual-sawn-full-similarity/seg/log37_board1.jpg,/home/sshirodk/Documents/Biomtrace-new/matching/spatial/ducret-traceability-evaluation-v18/dataset/localization_ground_truth_masks/log37_board1.png
log37_board2,log37,2,2538,1415,417,941,2955,2356,941,417,2.25659472,90,270,4624,3468,/home/sshirodk/Documents/Biomtrace-new/matching/spatial/ducret-autun-t2-virtual-sawn-full-similarity/seg/log37_board2.jpg,/home/sshirodk/Documents/Biomtrace-new/matching/spatial/ducret-traceability-evaluation-v18/dataset/localization_ground_truth_masks/log37_board2.png
log37_board3,log37,3,2329,633,517,1036,2846,1669,1036,517,2.00386847,90,270,4624,3468,/home/sshirodk/Documents/Biomtrace-new/matching/spatial/ducret-autun-t2-virtual-sawn-full-similarity/seg/log37_board3.jpg,/home/sshirodk/Documents/Biomtrace-new/matching/spatial/ducret-traceability-evaluation-v18/dataset/localization_ground_truth_masks/log37_board3.png
log37_board4,log37,4,2020,938,388,1080,2408,2018,1080,388,2.78350515,90,270,4624,3468,/home/sshirodk/Documents/Biomtrace-new/matching/spatial/ducret-autun-t2-virtual-sawn-full-similarity/seg/log37_board4.jpg,/home/sshirodk/Documents/Biomtrace-new/matching/spatial/ducret-traceability-evaluation-v18/dataset/localization_ground_truth_masks/log37_board4.png
log37_board5,log37,5,3431,984,386,987,3817,1971,987,386,2.55699482,0,0,4624,3468,/home/sshirodk/Documents/Biomtrace-new/matching/spatial/ducret-autun-t2-virtual-sawn-full-similarity/seg/log37_board5.jpg,/home/sshirodk/Documents/Biomtrace-new/matching/spatial/ducret-traceability-evaluation-v18/dataset/localization_ground_truth_masks/log37_board5.png
log37_board6,log37,6,2058,1044,266,842,2324,1886,842,266,3.16541353,180,180,4624,3468,/home/sshirodk/Documents/Biomtrace-new/matching/spatial/ducret-autun-t2-virtual-sawn-full-similarity/seg/log37_board6.jpg,/home/sshirodk/Documents/Biomtrace-new/matching/spatial/ducret-traceability-evaluation-v18/dataset/localization_ground_truth_masks/log37_board6.png
log37_board7,log37,7,2088,1263,955,401,3043,1664,955,401,2.38154613,90,270,4624,3468,/home/sshirodk/Documents/Biomtrace-new/matching/spatial/ducret-autun-t2-virtual-sawn-full-similarity/seg/log37_board7.jpg,/home/sshirodk/Documents/Biomtrace-new/matching/spatial/ducret-traceability-evaluation-v18/dataset/localization_ground_truth_masks/log37_board7.png
log37_board8,log37,8,1684,1964,993,290,2677,2254,993,290,3.42413793,90,270,4624,3468,/home/sshirodk/Documents/Biomtrace-new/matching/spatial/ducret-autun-t2-virtual-sawn-full-similarity/seg/log37_board8.jpg,/home/sshirodk/Documents/Biomtrace-new/matching/spatial/ducret-traceability-evaluation-v18/dataset/localization_ground_truth_masks/log37_board8.png
log37_board9,log37,9,2925,1952,948,412,3873,2364,948,412,2.30097087,0,0,4624,3468,/home/sshirodk/Documents/Biomtrace-new/matching/spatial/ducret-autun-t2-virtual-sawn-full-similarity/seg/log37_board9.jpg,/home/sshirodk/Documents/Biomtrace-new/matching/spatial/ducret-traceability-evaluation-v18/dataset/localization_ground_truth_masks/log37_board9.png
log37_board10,log37,10,2630,2141,1053,376,3683,2517,1053,376,2.80053191,180,180,4624,3468,/home/sshirodk/Documents/Biomtrace-new/matching/spatial/ducret-autun-t2-virtual-sawn-full-similarity/seg/log37_board10.jpg,/home/sshirodk/Documents/Biomtrace-new/matching/spatial/ducret-traceability-evaluation-v18/dataset/localization_ground_truth_masks/log37_board10.png
log38_board1,log38,1,2482,497,1015,444,3497,941,1015,444,2.28603604,180,180,4624,3468,/home/sshirodk/Documents/Biomtrace-new/matching/spatial/ducret-autun-t2-virtual-sawn-full-similarity/seg/log38_board1.jpg,/home/sshirodk/Documents/Biomtrace-new/matching/spatial/ducret-traceability-evaluation-v18/dataset/localization_ground_truth_masks/log38_board1.png
log38_board2,log38,2,2563,1229,1161,433,3724,1662,1161,433,2.68129330,180,180,4624,3468,/home/sshirodk/Documents/Biomtrace-new/matching/spatial/ducret-autun-t2-virtual-sawn-full-similarity/seg/log38_board2.jpg,/home/sshirodk/Documents/Biomtrace-new/matching/spatial/ducret-traceability-evaluation-v18/dataset/localization_ground_truth_masks/log38_board2.png
log38_board3,log38,3,2319,711,291,913,2610,1624,913,291,3.13745704,270,90,4624,3468,/home/sshirodk/Documents/Biomtrace-new/matching/spatial/ducret-autun-t2-virtual-sawn-full-similarity/seg/log38_board3.jpg,/home/sshirodk/Documents/Biomtrace-new/matching/spatial/ducret-traceability-evaluation-v18/dataset/localization_ground_truth_masks/log38_board3.png
log38_board4,log38,4,2923,1237,897,297,3820,1534,897,297,3.02020202,180,180,4624,3468,/home/sshirodk/Documents/Biomtrace-new/matching/spatial/ducret-autun-t2-virtual-sawn-full-similarity/seg/log38_board4.jpg,/home/sshirodk/Documents/Biomtrace-new/matching/spatial/ducret-traceability-evaluation-v18/dataset/localization_ground_truth_masks/log38_board4.png
log38_board5,log38,5,2445,736,1114,413,3559,1149,1114,413,2.69733656,270,90,4624,3468,/home/sshirodk/Documents/Biomtrace-new/matching/spatial/ducret-autun-t2-virtual-sawn-full-similarity/seg/log38_board5.jpg,/home/sshirodk/Documents/Biomtrace-new/matching/spatial/ducret-traceability-evaluation-v18/dataset/localization_ground_truth_masks/log38_board5.png
log38_board6,log38,6,1906,894,1034,448,2940,1342,1034,448,2.30803571,90,270,4624,3468,/home/sshirodk/Documents/Biomtrace-new/matching/spatial/ducret-autun-t2-virtual-sawn-full-similarity/seg/log38_board6.jpg,/home/sshirodk/Documents/Biomtrace-new/matching/spatial/ducret-traceability-evaluation-v18/dataset/localization_ground_truth_masks/log38_board6.png
log38_board7,log38,7,2506,779,1078,280,3584,1059,1078,280,3.85000000,180,180,4624,3468,/home/sshirodk/Documents/Biomtrace-new/matching/spatial/ducret-autun-t2-virtual-sawn-full-similarity/seg/log38_board7.jpg,/home/sshirodk/Documents/Biomtrace-new/matching/spatial/ducret-traceability-evaluation-v18/dataset/localization_ground_truth_masks/log38_board7.png
log38_board8,log38,8,3028,1566,290,1059,3318,2625,1059,290,3.65172414,180,180,4624,3468,/home/sshirodk/Documents/Biomtrace-new/matching/spatial/ducret-autun-t2-virtual-sawn-full-similarity/seg/log38_board8.jpg,/home/sshirodk/Documents/Biomtrace-new/matching/spatial/ducret-traceability-evaluation-v18/dataset/localization_ground_truth_masks/log38_board8.png
log38_board9,log38,9,2040,1516,1005,421,3045,1937,1005,421,2.38717340,90,270,4624,3468,/home/sshirodk/Documents/Biomtrace-new/matching/spatial/ducret-autun-t2-virtual-sawn-full-similarity/seg/log38_board9.jpg,/home/sshirodk/Documents/Biomtrace-new/matching/spatial/ducret-traceability-evaluation-v18/dataset/localization_ground_truth_masks/log38_board9.png
log38_board10,log38,10,2487,1611,1176,461,3663,2072,1176,461,2.55097614,0,0,4624,3468,/home/sshirodk/Documents/Biomtrace-new/matching/spatial/ducret-autun-t2-virtual-sawn-full-similarity/seg/log38_board10.jpg,/home/sshirodk/Documents/Biomtrace-new/matching/spatial/ducret-traceability-evaluation-v18/dataset/localization_ground_truth_masks/log38_board10.png
log39_board1,log39,1,2643,2060,867,289,3510,2349,867,289,3.00000000,270,90,4624,3468,/home/sshirodk/Documents/Biomtrace-new/matching/spatial/ducret-autun-t2-virtual-sawn-full-similarity/seg/log39_board1.jpg,/home/sshirodk/Documents/Biomtrace-new/matching/spatial/ducret-traceability-evaluation-v18/dataset/localization_ground_truth_masks/log39_board1.png
log39_board2,log39,2,2524,860,249,992,2773,1852,992,249,3.98393574,270,90,4624,3468,/home/sshirodk/Documents/Biomtrace-new/matching/spatial/ducret-autun-t2-virtual-sawn-full-similarity/seg/log39_board2.jpg,/home/sshirodk/Documents/Biomtrace-new/matching/spatial/ducret-traceability-evaluation-v18/dataset/localization_ground_truth_masks/log39_board2.png
log39_board3,log39,3,2000,1690,1090,370,3090,2060,1090,370,2.94594595,270,90,4624,3468,/home/sshirodk/Documents/Biomtrace-new/matching/spatial/ducret-autun-t2-virtual-sawn-full-similarity/seg/log39_board3.jpg,/home/sshirodk/Documents/Biomtrace-new/matching/spatial/ducret-traceability-evaluation-v18/dataset/localization_ground_truth_masks/log39_board3.png
log39_board4,log39,4,2203,1514,479,1047,2682,2561,1047,479,2.18580376,270,90,4624,3468,/home/sshirodk/Documents/Biomtrace-new/matching/spatial/ducret-autun-t2-virtual-sawn-full-similarity/seg/log39_board4.jpg,/home/sshirodk/Documents/Biomtrace-new/matching/spatial/ducret-traceability-evaluation-v18/dataset/localization_ground_truth_masks/log39_board4.png
log39_board5,log39,5,2183,1884,1129,287,3312,2171,1129,287,3.93379791,90,270,4624,3468,/home/sshirodk/Documents/Biomtrace-new/matching/spatial/ducret-autun-t2-virtual-sawn-full-similarity/seg/log39_board5.jpg,/home/sshirodk/Documents/Biomtrace-new/matching/spatial/ducret-traceability-evaluation-v18/dataset/localization_ground_truth_masks/log39_board5.png
log39_board6,log39,6,2106,582,1030,360,3136,942,1030,360,2.86111111,90,270,4624,3468,/home/sshirodk/Documents/Biomtrace-new/matching/spatial/ducret-autun-t2-virtual-sawn-full-similarity/seg/log39_board6.jpg,/home/sshirodk/Documents/Biomtrace-new/matching/spatial/ducret-traceability-evaluation-v18/dataset/localization_ground_truth_masks/log39_board6.png
log39_board7,log39,7,2924,1766,928,265,3852,2031,928,265,3.50188679,270,90,4624,3468,/home/sshirodk/Documents/Biomtrace-new/matching/spatial/ducret-autun-t2-virtual-sawn-full-similarity/seg/log39_board7.jpg,/home/sshirodk/Documents/Biomtrace-new/matching/spatial/ducret-traceability-evaluation-v18/dataset/localization_ground_truth_masks/log39_board7.png
log39_board8,log39,8,2725,1582,938,318,3663,1900,938,318,2.94968553,270,90,4624,3468,/home/sshirodk/Documents/Biomtrace-new/matching/spatial/ducret-autun-t2-virtual-sawn-full-similarity/seg/log39_board8.jpg,/home/sshirodk/Documents/Biomtrace-new/matching/spatial/ducret-traceability-evaluation-v18/dataset/localization_ground_truth_masks/log39_board8.png
log39_board9,log39,9,1852,1056,480,1026,2332,2082,1026,480,2.13750000,90,270,4624,3468,/home/sshirodk/Documents/Biomtrace-new/matching/spatial/ducret-autun-t2-virtual-sawn-full-similarity/seg/log39_board9.jpg,/home/sshirodk/Documents/Biomtrace-new/matching/spatial/ducret-traceability-evaluation-v18/dataset/localization_ground_truth_masks/log39_board9.png
log39_board10,log39,10,3072,1986,282,1005,3354,2991,1005,282,3.56382979,270,90,4624,3468,/home/sshirodk/Documents/Biomtrace-new/matching/spatial/ducret-autun-t2-virtual-sawn-full-similarity/seg/log39_board10.jpg,/home/sshirodk/Documents/Biomtrace-new/matching/spatial/ducret-traceability-evaluation-v18/dataset/localization_ground_truth_masks/log39_board10.png
log40_board1,log40,1,2394,2319,961,394,3355,2713,961,394,2.43908629,270,90,4624,3468,/home/sshirodk/Documents/Biomtrace-new/matching/spatial/ducret-autun-t2-virtual-sawn-full-similarity/seg/log40_board1.jpg,/home/sshirodk/Documents/Biomtrace-new/matching/spatial/ducret-traceability-evaluation-v18/dataset/localization_ground_truth_masks/log40_board1.png
log40_board2,log40,2,1938,1829,1148,428,3086,2257,1148,428,2.68224299,270,90,4624,3468,/home/sshirodk/Documents/Biomtrace-new/matching/spatial/ducret-autun-t2-virtual-sawn-full-similarity/seg/log40_board2.jpg,/home/sshirodk/Documents/Biomtrace-new/matching/spatial/ducret-traceability-evaluation-v18/dataset/localization_ground_truth_masks/log40_board2.png
log40_board3,log40,3,3063,1406,347,1110,3410,2516,1110,347,3.19884726,180,180,4624,3468,/home/sshirodk/Documents/Biomtrace-new/matching/spatial/ducret-autun-t2-virtual-sawn-full-similarity/seg/log40_board3.jpg,/home/sshirodk/Documents/Biomtrace-new/matching/spatial/ducret-traceability-evaluation-v18/dataset/localization_ground_truth_masks/log40_board3.png
log40_board4,log40,4,2283,1977,1168,308,3451,2285,1168,308,3.79220779,270,90,4624,3468,/home/sshirodk/Documents/Biomtrace-new/matching/spatial/ducret-autun-t2-virtual-sawn-full-similarity/seg/log40_board4.jpg,/home/sshirodk/Documents/Biomtrace-new/matching/spatial/ducret-traceability-evaluation-v18/dataset/localization_ground_truth_masks/log40_board4.png
log40_board5,log40,5,2266,1717,1208,549,3474,2266,1208,549,2.20036430,270,90,4624,3468,/home/sshirodk/Documents/Biomtrace-new/matching/spatial/ducret-autun-t2-virtual-sawn-full-similarity/seg/log40_board5.jpg,/home/sshirodk/Documents/Biomtrace-new/matching/spatial/ducret-traceability-evaluation-v18/dataset/localization_ground_truth_masks/log40_board5.png
log40_board6,log40,6,2316,923,434,941,2750,1864,941,434,2.16820276,0,0,4624,3468,/home/sshirodk/Documents/Biomtrace-new/matching/spatial/ducret-autun-t2-virtual-sawn-full-similarity/seg/log40_board6.jpg,/home/sshirodk/Documents/Biomtrace-new/matching/spatial/ducret-traceability-evaluation-v18/dataset/localization_ground_truth_masks/log40_board6.png
log40_board7,log40,7,2729,1423,1010,256,3739,1679,1010,256,3.94531250,270,90,4624,3468,/home/sshirodk/Documents/Biomtrace-new/matching/spatial/ducret-autun-t2-virtual-sawn-full-similarity/seg/log40_board7.jpg,/home/sshirodk/Documents/Biomtrace-new/matching/spatial/ducret-traceability-evaluation-v18/dataset/localization_ground_truth_masks/log40_board7.png
log40_board8,log40,8,1677,2135,922,408,2599,2543,922,408,2.25980392,270,90,4624,3468,/home/sshirodk/Documents/Biomtrace-new/matching/spatial/ducret-autun-t2-virtual-sawn-full-similarity/seg/log40_board8.jpg,/home/sshirodk/Documents/Biomtrace-new/matching/spatial/ducret-traceability-evaluation-v18/dataset/localization_ground_truth_masks/log40_board8.png
log40_board9,log40,9,1651,2265,1039,303,2690,2568,1039,303,3.42904290,90,270,4624,3468,/home/sshirodk/Documents/Biomtrace-new/matching/spatial/ducret-autun-t2-virtual-sawn-full-similarity/seg/log40_board9.jpg,/home/sshirodk/Documents/Biomtrace-new/matching/spatial/ducret-traceability-evaluation-v18/dataset/localization_ground_truth_masks/log40_board9.png
log40_board10,log40,10,2279,2234,1060,310,3339,2544,1060,310,3.41935484,270,90,4624,3468,/home/sshirodk/Documents/Biomtrace-new/matching/spatial/ducret-autun-t2-virtual-sawn-full-similarity/seg/log40_board10.jpg,/home/sshirodk/Documents/Biomtrace-new/matching/spatial/ducret-traceability-evaluation-v18/dataset/localization_ground_truth_masks/log40_board10.png
log41_board1,log41,1,2819,1718,342,789,3161,2507,789,342,2.30701754,0,0,4624,3468,/home/sshirodk/Documents/Biomtrace-new/matching/spatial/ducret-autun-t2-virtual-sawn-full-similarity/seg/log41_board1.jpg,/home/sshirodk/Documents/Biomtrace-new/matching/spatial/ducret-traceability-evaluation-v18/dataset/localization_ground_truth_masks/log41_board1.png
log41_board2,log41,2,2535,2771,761,193,3296,2964,761,193,3.94300518,180,180,4624,3468,/home/sshirodk/Documents/Biomtrace-new/matching/spatial/ducret-autun-t2-virtual-sawn-full-similarity/seg/log41_board2.jpg,/home/sshirodk/Documents/Biomtrace-new/matching/spatial/ducret-traceability-evaluation-v18/dataset/localization_ground_truth_masks/log41_board2.png
log41_board3,log41,3,2716,2322,889,262,3605,2584,889,262,3.39312977,90,270,4624,3468,/home/sshirodk/Documents/Biomtrace-new/matching/spatial/ducret-autun-t2-virtual-sawn-full-similarity/seg/log41_board3.jpg,/home/sshirodk/Documents/Biomtrace-new/matching/spatial/ducret-traceability-evaluation-v18/dataset/localization_ground_truth_masks/log41_board3.png
log41_board4,log41,4,2385,2725,878,225,3263,2950,878,225,3.90222222,180,180,4624,3468,/home/sshirodk/Documents/Biomtrace-new/matching/spatial/ducret-autun-t2-virtual-sawn-full-similarity/seg/log41_board4.jpg,/home/sshirodk/Documents/Biomtrace-new/matching/spatial/ducret-traceability-evaluation-v18/dataset/localization_ground_truth_masks/log41_board4.png
log41_board5,log41,5,3287,1341,215,714,3502,2055,714,215,3.32093023,0,0,4624,3468,/home/sshirodk/Documents/Biomtrace-new/matching/spatial/ducret-autun-t2-virtual-sawn-full-similarity/seg/log41_board5.jpg,/home/sshirodk/Documents/Biomtrace-new/matching/spatial/ducret-traceability-evaluation-v18/dataset/localization_ground_truth_masks/log41_board5.png
log41_board6,log41,6,2961,1598,236,759,3197,2357,759,236,3.21610169,90,270,4624,3468,/home/sshirodk/Documents/Biomtrace-new/matching/spatial/ducret-autun-t2-virtual-sawn-full-similarity/seg/log41_board6.jpg,/home/sshirodk/Documents/Biomtrace-new/matching/spatial/ducret-traceability-evaluation-v18/dataset/localization_ground_truth_masks/log41_board6.png
log41_board7,log41,7,2146,1916,838,338,2984,2254,838,338,2.47928994,270,90,4624,3468,/home/sshirodk/Documents/Biomtrace-new/matching/spatial/ducret-autun-t2-virtual-sawn-full-similarity/seg/log41_board7.jpg,/home/sshirodk/Documents/Biomtrace-new/matching/spatial/ducret-traceability-evaluation-v18/dataset/localization_ground_truth_masks/log41_board7.png
log41_board8,log41,8,3195,1383,199,768,3394,2151,768,199,3.85929648,0,0,4624,3468,/home/sshirodk/Documents/Biomtrace-new/matching/spatial/ducret-autun-t2-virtual-sawn-full-similarity/seg/log41_board8.jpg,/home/sshirodk/Documents/Biomtrace-new/matching/spatial/ducret-traceability-evaluation-v18/dataset/localization_ground_truth_masks/log41_board8.png
log41_board9,log41,9,3198,2275,698,281,3896,2556,698,281,2.48398577,90,270,4624,3468,/home/sshirodk/Documents/Biomtrace-new/matching/spatial/ducret-autun-t2-virtual-sawn-full-similarity/seg/log41_board9.jpg,/home/sshirodk/Documents/Biomtrace-new/matching/spatial/ducret-traceability-evaluation-v18/dataset/localization_ground_truth_masks/log41_board9.png
log41_board10,log41,10,3453,1837,228,869,3681,2706,869,228,3.81140351,0,0,4624,3468,/home/sshirodk/Documents/Biomtrace-new/matching/spatial/ducret-autun-t2-virtual-sawn-full-similarity/seg/log41_board10.jpg,/home/sshirodk/Documents/Biomtrace-new/matching/spatial/ducret-traceability-evaluation-v18/dataset/localization_ground_truth_masks/log41_board10.png
log42_board1,log42,1,2109,1379,361,1142,2470,2521,1142,361,3.16343490,0,0,4624,3468,/home/sshirodk/Documents/Biomtrace-new/matching/spatial/ducret-autun-t2-virtual-sawn-full-similarity/seg/log42_board1.jpg,/home/sshirodk/Documents/Biomtrace-new/matching/spatial/ducret-traceability-evaluation-v18/dataset/localization_ground_truth_masks/log42_board1.png
log42_board2,log42,2,1129,2000,1166,449,2295,2449,1166,449,2.59688196,0,0,4624,3468,/home/sshirodk/Documents/Biomtrace-new/matching/spatial/ducret-autun-t2-virtual-sawn-full-similarity/seg/log42_board2.jpg,/home/sshirodk/Documents/Biomtrace-new/matching/spatial/ducret-traceability-evaluation-v18/dataset/localization_ground_truth_masks/log42_board2.png
log42_board3,log42,3,901,1250,536,1077,1437,2327,1077,536,2.00932836,270,90,4624,3468,/home/sshirodk/Documents/Biomtrace-new/matching/spatial/ducret-autun-t2-virtual-sawn-full-similarity/seg/log42_board3.jpg,/home/sshirodk/Documents/Biomtrace-new/matching/spatial/ducret-traceability-evaluation-v18/dataset/localization_ground_truth_masks/log42_board3.png
log42_board4,log42,4,955,1113,1164,579,2119,1692,1164,579,2.01036269,270,90,4624,3468,/home/sshirodk/Documents/Biomtrace-new/matching/spatial/ducret-autun-t2-virtual-sawn-full-similarity/seg/log42_board4.jpg,/home/sshirodk/Documents/Biomtrace-new/matching/spatial/ducret-traceability-evaluation-v18/dataset/localization_ground_truth_masks/log42_board4.png
log42_board5,log42,5,1428,1639,317,1019,1745,2658,1019,317,3.21451104,0,0,4624,3468,/home/sshirodk/Documents/Biomtrace-new/matching/spatial/ducret-autun-t2-virtual-sawn-full-similarity/seg/log42_board5.jpg,/home/sshirodk/Documents/Biomtrace-new/matching/spatial/ducret-traceability-evaluation-v18/dataset/localization_ground_truth_masks/log42_board5.png
log42_board6,log42,6,834,1172,1115,325,1949,1497,1115,325,3.43076923,180,180,4624,3468,/home/sshirodk/Documents/Biomtrace-new/matching/spatial/ducret-autun-t2-virtual-sawn-full-similarity/seg/log42_board6.jpg,/home/sshirodk/Documents/Biomtrace-new/matching/spatial/ducret-traceability-evaluation-v18/dataset/localization_ground_truth_masks/log42_board6.png
log42_board7,log42,7,944,1935,1187,319,2131,2254,1187,319,3.72100313,270,90,4624,3468,/home/sshirodk/Documents/Biomtrace-new/matching/spatial/ducret-autun-t2-virtual-sawn-full-similarity/seg/log42_board7.jpg,/home/sshirodk/Documents/Biomtrace-new/matching/spatial/ducret-traceability-evaluation-v18/dataset/localization_ground_truth_masks/log42_board7.png
log42_board8,log42,8,1878,1409,370,1139,2248,2548,1139,370,3.07837838,270,90,4624,3468,/home/sshirodk/Documents/Biomtrace-new/matching/spatial/ducret-autun-t2-virtual-sawn-full-similarity/seg/log42_board8.jpg,/home/sshirodk/Documents/Biomtrace-new/matching/spatial/ducret-traceability-evaluation-v18/dataset/localization_ground_truth_masks/log42_board8.png
log42_board9,log42,9,1835,1620,526,1102,2361,2722,1102,526,2.09505703,90,270,4624,3468,/home/sshirodk/Documents/Biomtrace-new/matching/spatial/ducret-autun-t2-virtual-sawn-full-similarity/seg/log42_board9.jpg,/home/sshirodk/Documents/Biomtrace-new/matching/spatial/ducret-traceability-evaluation-v18/dataset/localization_ground_truth_masks/log42_board9.png
log42_board10,log42,10,1525,2141,1196,598,2721,2739,1196,598,2.00000000,0,0,4624,3468,/home/sshirodk/Documents/Biomtrace-new/matching/spatial/ducret-autun-t2-virtual-sawn-full-similarity/seg/log42_board10.jpg,/home/sshirodk/Documents/Biomtrace-new/matching/spatial/ducret-traceability-evaluation-v18/dataset/localization_ground_truth_masks/log42_board10.png
log43_board1,log43,1,3030,1792,245,747,3275,2539,747,245,3.04897959,0,0,4624,3468,/home/sshirodk/Documents/Biomtrace-new/matching/spatial/ducret-autun-t2-virtual-sawn-full-similarity/seg/log43_board1.jpg,/home/sshirodk/Documents/Biomtrace-new/matching/spatial/ducret-traceability-evaluation-v18/dataset/localization_ground_truth_masks/log43_board1.png
log43_board2,log43,2,3270,1971,853,221,4123,2192,853,221,3.85972851,90,270,4624,3468,/home/sshirodk/Documents/Biomtrace-new/matching/spatial/ducret-autun-t2-virtual-sawn-full-similarity/seg/log43_board2.jpg,/home/sshirodk/Documents/Biomtrace-new/matching/spatial/ducret-traceability-evaluation-v18/dataset/localization_ground_truth_masks/log43_board2.png
log43_board3,log43,3,2568,1943,840,335,3408,2278,840,335,2.50746269,90,270,4624,3468,/home/sshirodk/Documents/Biomtrace-new/matching/spatial/ducret-autun-t2-virtual-sawn-full-similarity/seg/log43_board3.jpg,/home/sshirodk/Documents/Biomtrace-new/matching/spatial/ducret-traceability-evaluation-v18/dataset/localization_ground_truth_masks/log43_board3.png
log43_board4,log43,4,2703,2150,758,313,3461,2463,758,313,2.42172524,90,270,4624,3468,/home/sshirodk/Documents/Biomtrace-new/matching/spatial/ducret-autun-t2-virtual-sawn-full-similarity/seg/log43_board4.jpg,/home/sshirodk/Documents/Biomtrace-new/matching/spatial/ducret-traceability-evaluation-v18/dataset/localization_ground_truth_masks/log43_board4.png
log43_board5,log43,5,2524,1457,301,721,2825,2178,721,301,2.39534884,270,90,4624,3468,/home/sshirodk/Documents/Biomtrace-new/matching/spatial/ducret-autun-t2-virtual-sawn-full-similarity/seg/log43_board5.jpg,/home/sshirodk/Documents/Biomtrace-new/matching/spatial/ducret-traceability-evaluation-v18/dataset/localization_ground_truth_masks/log43_board5.png
log43_board6,log43,6,2369,1435,236,745,2605,2180,745,236,3.15677966,90,270,4624,3468,/home/sshirodk/Documents/Biomtrace-new/matching/spatial/ducret-autun-t2-virtual-sawn-full-similarity/seg/log43_board6.jpg,/home/sshirodk/Documents/Biomtrace-new/matching/spatial/ducret-traceability-evaluation-v18/dataset/localization_ground_truth_masks/log43_board6.png
log43_board7,log43,7,2766,1000,340,769,3106,1769,769,340,2.26176471,180,180,4624,3468,/home/sshirodk/Documents/Biomtrace-new/matching/spatial/ducret-autun-t2-virtual-sawn-full-similarity/seg/log43_board7.jpg,/home/sshirodk/Documents/Biomtrace-new/matching/spatial/ducret-traceability-evaluation-v18/dataset/localization_ground_truth_masks/log43_board7.png
log43_board8,log43,8,3217,1968,248,775,3465,2743,775,248,3.12500000,0,0,4624,3468,/home/sshirodk/Documents/Biomtrace-new/matching/spatial/ducret-autun-t2-virtual-sawn-full-similarity/seg/log43_board8.jpg,/home/sshirodk/Documents/Biomtrace-new/matching/spatial/ducret-traceability-evaluation-v18/dataset/localization_ground_truth_masks/log43_board8.png
log43_board9,log43,9,3475,1320,378,765,3853,2085,765,378,2.02380952,0,0,4624,3468,/home/sshirodk/Documents/Biomtrace-new/matching/spatial/ducret-autun-t2-virtual-sawn-full-similarity/seg/log43_board9.jpg,/home/sshirodk/Documents/Biomtrace-new/matching/spatial/ducret-traceability-evaluation-v18/dataset/localization_ground_truth_masks/log43_board9.png
log43_board10,log43,10,2792,2206,669,332,3461,2538,669,332,2.01506024,0,0,4624,3468,/home/sshirodk/Documents/Biomtrace-new/matching/spatial/ducret-autun-t2-virtual-sawn-full-similarity/seg/log43_board10.jpg,/home/sshirodk/Documents/Biomtrace-new/matching/spatial/ducret-traceability-evaluation-v18/dataset/localization_ground_truth_masks/log43_board10.png
log44_board1,log44,1,2378,1999,359,1035,2737,3034,1035,359,2.88300836,0,0,4624,3468,/home/sshirodk/Documents/Biomtrace-new/matching/spatial/ducret-autun-t2-virtual-sawn-full-similarity/seg/log44_board1.jpg,/home/sshirodk/Documents/Biomtrace-new/matching/spatial/ducret-traceability-evaluation-v18/dataset/localization_ground_truth_masks/log44_board1.png
log44_board2,log44,2,2386,1776,368,914,2754,2690,914,368,2.48369565,270,90,4624,3468,/home/sshirodk/Documents/Biomtrace-new/matching/spatial/ducret-autun-t2-virtual-sawn-full-similarity/seg/log44_board2.jpg,/home/sshirodk/Documents/Biomtrace-new/matching/spatial/ducret-traceability-evaluation-v18/dataset/localization_ground_truth_masks/log44_board2.png
log44_board3,log44,3,2718,1286,205,810,2923,2096,810,205,3.95121951,180,180,4624,3468,/home/sshirodk/Documents/Biomtrace-new/matching/spatial/ducret-autun-t2-virtual-sawn-full-similarity/seg/log44_board3.jpg,/home/sshirodk/Documents/Biomtrace-new/matching/spatial/ducret-traceability-evaluation-v18/dataset/localization_ground_truth_masks/log44_board3.png
log44_board4,log44,4,2910,1320,394,1039,3304,2359,1039,394,2.63705584,90,270,4624,3468,/home/sshirodk/Documents/Biomtrace-new/matching/spatial/ducret-autun-t2-virtual-sawn-full-similarity/seg/log44_board4.jpg,/home/sshirodk/Documents/Biomtrace-new/matching/spatial/ducret-traceability-evaluation-v18/dataset/localization_ground_truth_masks/log44_board4.png
log44_board5,log44,5,2823,1513,247,787,3070,2300,787,247,3.18623482,90,270,4624,3468,/home/sshirodk/Documents/Biomtrace-new/matching/spatial/ducret-autun-t2-virtual-sawn-full-similarity/seg/log44_board5.jpg,/home/sshirodk/Documents/Biomtrace-new/matching/spatial/ducret-traceability-evaluation-v18/dataset/localization_ground_truth_masks/log44_board5.png
log44_board6,log44,6,2860,1662,945,239,3805,1901,945,239,3.95397490,180,180,4624,3468,/home/sshirodk/Documents/Biomtrace-new/matching/spatial/ducret-autun-t2-virtual-sawn-full-similarity/seg/log44_board6.jpg,/home/sshirodk/Documents/Biomtrace-new/matching/spatial/ducret-traceability-evaluation-v18/dataset/localization_ground_truth_masks/log44_board6.png
log44_board7,log44,7,3334,1081,390,802,3724,1883,802,390,2.05641026,180,180,4624,3468,/home/sshirodk/Documents/Biomtrace-new/matching/spatial/ducret-autun-t2-virtual-sawn-full-similarity/seg/log44_board7.jpg,/home/sshirodk/Documents/Biomtrace-new/matching/spatial/ducret-traceability-evaluation-v18/dataset/localization_ground_truth_masks/log44_board7.png
log44_board8,log44,8,2911,1859,892,390,3803,2249,892,390,2.28717949,90,270,4624,3468,/home/sshirodk/Documents/Biomtrace-new/matching/spatial/ducret-autun-t2-virtual-sawn-full-similarity/seg/log44_board8.jpg,/home/sshirodk/Documents/Biomtrace-new/matching/spatial/ducret-traceability-evaluation-v18/dataset/localization_ground_truth_masks/log44_board8.png
log44_board9,log44,9,2683,522,256,951,2939,1473,951,256,3.71484375,90,270,4624,3468,/home/sshirodk/Documents/Biomtrace-new/matching/spatial/ducret-autun-t2-virtual-sawn-full-similarity/seg/log44_board9.jpg,/home/sshirodk/Documents/Biomtrace-new/matching/spatial/ducret-traceability-evaluation-v18/dataset/localization_ground_truth_masks/log44_board9.png
log44_board10,log44,10,2494,625,815,405,3309,1030,815,405,2.01234568,0,0,4624,3468,/home/sshirodk/Documents/Biomtrace-new/matching/spatial/ducret-autun-t2-virtual-sawn-full-similarity/seg/log44_board10.jpg,/home/sshirodk/Documents/Biomtrace-new/matching/spatial/ducret-traceability-evaluation-v18/dataset/localization_ground_truth_masks/log44_board10.png
log45_board1,log45,1,2762,1628,385,934,3147,2562,934,385,2.42597403,180,180,4624,3468,/home/sshirodk/Documents/Biomtrace-new/matching/spatial/ducret-autun-t2-virtual-sawn-full-similarity/seg/log45_board1.jpg,/home/sshirodk/Documents/Biomtrace-new/matching/spatial/ducret-traceability-evaluation-v18/dataset/localization_ground_truth_masks/log45_board1.png
log45_board2,log45,2,1362,914,1073,482,2435,1396,1073,482,2.22614108,180,180,4624,3468,/home/sshirodk/Documents/Biomtrace-new/matching/spatial/ducret-autun-t2-virtual-sawn-full-similarity/seg/log45_board2.jpg,/home/sshirodk/Documents/Biomtrace-new/matching/spatial/ducret-traceability-evaluation-v18/dataset/localization_ground_truth_masks/log45_board2.png
log45_board3,log45,3,1006,1596,946,375,1952,1971,946,375,2.52266667,0,0,4624,3468,/home/sshirodk/Documents/Biomtrace-new/matching/spatial/ducret-autun-t2-virtual-sawn-full-similarity/seg/log45_board3.jpg,/home/sshirodk/Documents/Biomtrace-new/matching/spatial/ducret-traceability-evaluation-v18/dataset/localization_ground_truth_masks/log45_board3.png
log45_board4,log45,4,1912,1977,280,931,2192,2908,931,280,3.32500000,0,0,4624,3468,/home/sshirodk/Documents/Biomtrace-new/matching/spatial/ducret-autun-t2-virtual-sawn-full-similarity/seg/log45_board4.jpg,/home/sshirodk/Documents/Biomtrace-new/matching/spatial/ducret-traceability-evaluation-v18/dataset/localization_ground_truth_masks/log45_board4.png
log45_board5,log45,5,1587,1085,1114,481,2701,1566,1114,481,2.31600832,90,270,4624,3468,/home/sshirodk/Documents/Biomtrace-new/matching/spatial/ducret-autun-t2-virtual-sawn-full-similarity/seg/log45_board5.jpg,/home/sshirodk/Documents/Biomtrace-new/matching/spatial/ducret-traceability-evaluation-v18/dataset/localization_ground_truth_masks/log45_board5.png
log45_board6,log45,6,2590,1204,305,1051,2895,2255,1051,305,3.44590164,90,270,4624,3468,/home/sshirodk/Documents/Biomtrace-new/matching/spatial/ducret-autun-t2-virtual-sawn-full-similarity/seg/log45_board6.jpg,/home/sshirodk/Documents/Biomtrace-new/matching/spatial/ducret-traceability-evaluation-v18/dataset/localization_ground_truth_masks/log45_board6.png
log45_board7,log45,7,1704,500,564,1201,2268,1701,1201,564,2.12943262,270,90,4624,3468,/home/sshirodk/Documents/Biomtrace-new/matching/spatial/ducret-autun-t2-virtual-sawn-full-similarity/seg/log45_board7.jpg,/home/sshirodk/Documents/Biomtrace-new/matching/spatial/ducret-traceability-evaluation-v18/dataset/localization_ground_truth_masks/log45_board7.png
log45_board8,log45,8,1261,1452,274,1039,1535,2491,1039,274,3.79197080,0,0,4624,3468,/home/sshirodk/Documents/Biomtrace-new/matching/spatial/ducret-autun-t2-virtual-sawn-full-similarity/seg/log45_board8.jpg,/home/sshirodk/Documents/Biomtrace-new/matching/spatial/ducret-traceability-evaluation-v18/dataset/localization_ground_truth_masks/log45_board8.png
log45_board9,log45,9,1861,1998,957,241,2818,2239,957,241,3.97095436,90,270,4624,3468,/home/sshirodk/Documents/Biomtrace-new/matching/spatial/ducret-autun-t2-virtual-sawn-full-similarity/seg/log45_board9.jpg,/home/sshirodk/Documents/Biomtrace-new/matching/spatial/ducret-traceability-evaluation-v18/dataset/localization_ground_truth_masks/log45_board9.png
log45_board10,log45,10,1993,664,357,934,2350,1598,934,357,2.61624650,180,180,4624,3468,/home/sshirodk/Documents/Biomtrace-new/matching/spatial/ducret-autun-t2-virtual-sawn-full-similarity/seg/log45_board10.jpg,/home/sshirodk/Documents/Biomtrace-new/matching/spatial/ducret-traceability-evaluation-v18/dataset/localization_ground_truth_masks/log45_board10.png
log46_board1,log46,1,1665,1223,774,323,2439,1546,774,323,2.39628483,0,0,4624,3468,/home/sshirodk/Documents/Biomtrace-new/matching/spatial/ducret-autun-t2-virtual-sawn-full-similarity/seg/log46_board1.jpg,/home/sshirodk/Documents/Biomtrace-new/matching/spatial/ducret-traceability-evaluation-v18/dataset/localization_ground_truth_masks/log46_board1.png
log46_board2,log46,2,2451,1093,221,765,2672,1858,765,221,3.46153846,0,0,4624,3468,/home/sshirodk/Documents/Biomtrace-new/matching/spatial/ducret-autun-t2-virtual-sawn-full-similarity/seg/log46_board2.jpg,/home/sshirodk/Documents/Biomtrace-new/matching/spatial/ducret-traceability-evaluation-v18/dataset/localization_ground_truth_masks/log46_board2.png
log46_board3,log46,3,1903,1076,220,720,2123,1796,720,220,3.27272727,90,270,4624,3468,/home/sshirodk/Documents/Biomtrace-new/matching/spatial/ducret-autun-t2-virtual-sawn-full-similarity/seg/log46_board3.jpg,/home/sshirodk/Documents/Biomtrace-new/matching/spatial/ducret-traceability-evaluation-v18/dataset/localization_ground_truth_masks/log46_board3.png
log46_board4,log46,4,1672,1049,757,220,2429,1269,757,220,3.44090909,0,0,4624,3468,/home/sshirodk/Documents/Biomtrace-new/matching/spatial/ducret-autun-t2-virtual-sawn-full-similarity/seg/log46_board4.jpg,/home/sshirodk/Documents/Biomtrace-new/matching/spatial/ducret-traceability-evaluation-v18/dataset/localization_ground_truth_masks/log46_board4.png
log46_board5,log46,5,1560,967,214,759,1774,1726,759,214,3.54672897,270,90,4624,3468,/home/sshirodk/Documents/Biomtrace-new/matching/spatial/ducret-autun-t2-virtual-sawn-full-similarity/seg/log46_board5.jpg,/home/sshirodk/Documents/Biomtrace-new/matching/spatial/ducret-traceability-evaluation-v18/dataset/localization_ground_truth_masks/log46_board5.png
log46_board6,log46,6,2584,908,257,819,2841,1727,819,257,3.18677043,180,180,4624,3468,/home/sshirodk/Documents/Biomtrace-new/matching/spatial/ducret-autun-t2-virtual-sawn-full-similarity/seg/log46_board6.jpg,/home/sshirodk/Documents/Biomtrace-new/matching/spatial/ducret-traceability-evaluation-v18/dataset/localization_ground_truth_masks/log46_board6.png
log46_board7,log46,7,2398,1099,254,953,2652,2052,953,254,3.75196850,270,90,4624,3468,/home/sshirodk/Documents/Biomtrace-new/matching/spatial/ducret-autun-t2-virtual-sawn-full-similarity/seg/log46_board7.jpg,/home/sshirodk/Documents/Biomtrace-new/matching/spatial/ducret-traceability-evaluation-v18/dataset/localization_ground_truth_masks/log46_board7.png
log46_board8,log46,8,1635,1723,812,289,2447,2012,812,289,2.80968858,90,270,4624,3468,/home/sshirodk/Documents/Biomtrace-new/matching/spatial/ducret-autun-t2-virtual-sawn-full-similarity/seg/log46_board8.jpg,/home/sshirodk/Documents/Biomtrace-new/matching/spatial/ducret-traceability-evaluation-v18/dataset/localization_ground_truth_masks/log46_board8.png
log46_board9,log46,9,1725,2078,839,397,2564,2475,839,397,2.11335013,90,270,4624,3468,/home/sshirodk/Documents/Biomtrace-new/matching/spatial/ducret-autun-t2-virtual-sawn-full-similarity/seg/log46_board9.jpg,/home/sshirodk/Documents/Biomtrace-new/matching/spatial/ducret-traceability-evaluation-v18/dataset/localization_ground_truth_masks/log46_board9.png
log46_board10,log46,10,1586,797,933,315,2519,1112,933,315,2.96190476,0,0,4624,3468,/home/sshirodk/Documents/Biomtrace-new/matching/spatial/ducret-autun-t2-virtual-sawn-full-similarity/seg/log46_board10.jpg,/home/sshirodk/Documents/Biomtrace-new/matching/spatial/ducret-traceability-evaluation-v18/dataset/localization_ground_truth_masks/log46_board10.png
log47_board1,log47,1,1220,590,442,1115,1662,1705,1115,442,2.52262443,180,180,4624,3468,/home/sshirodk/Documents/Biomtrace-new/matching/spatial/ducret-autun-t2-virtual-sawn-full-similarity/seg/log47_board1.jpg,/home/sshirodk/Documents/Biomtrace-new/matching/spatial/ducret-traceability-evaluation-v18/dataset/localization_ground_truth_masks/log47_board1.png
log47_board2,log47,2,1311,1373,512,1193,1823,2566,1193,512,2.33007812,0,0,4624,3468,/home/sshirodk/Documents/Biomtrace-new/matching/spatial/ducret-autun-t2-virtual-sawn-full-similarity/seg/log47_board2.jpg,/home/sshirodk/Documents/Biomtrace-new/matching/spatial/ducret-traceability-evaluation-v18/dataset/localization_ground_truth_masks/log47_board2.png
log47_board3,log47,3,802,1516,272,987,1074,2503,987,272,3.62867647,270,90,4624,3468,/home/sshirodk/Documents/Biomtrace-new/matching/spatial/ducret-autun-t2-virtual-sawn-full-similarity/seg/log47_board3.jpg,/home/sshirodk/Documents/Biomtrace-new/matching/spatial/ducret-traceability-evaluation-v18/dataset/localization_ground_truth_masks/log47_board3.png
log47_board4,log47,4,869,1718,1089,527,1958,2245,1089,527,2.06641366,0,0,4624,3468,/home/sshirodk/Documents/Biomtrace-new/matching/spatial/ducret-autun-t2-virtual-sawn-full-similarity/seg/log47_board4.jpg,/home/sshirodk/Documents/Biomtrace-new/matching/spatial/ducret-traceability-evaluation-v18/dataset/localization_ground_truth_masks/log47_board4.png
log47_board5,log47,5,855,1621,435,975,1290,2596,975,435,2.24137931,270,90,4624,3468,/home/sshirodk/Documents/Biomtrace-new/matching/spatial/ducret-autun-t2-virtual-sawn-full-similarity/seg/log47_board5.jpg,/home/sshirodk/Documents/Biomtrace-new/matching/spatial/ducret-traceability-evaluation-v18/dataset/localization_ground_truth_masks/log47_board5.png
log47_board6,log47,6,1696,1234,381,1028,2077,2262,1028,381,2.69816273,0,0,4624,3468,/home/sshirodk/Documents/Biomtrace-new/matching/spatial/ducret-autun-t2-virtual-sawn-full-similarity/seg/log47_board6.jpg,/home/sshirodk/Documents/Biomtrace-new/matching/spatial/ducret-traceability-evaluation-v18/dataset/localization_ground_truth_masks/log47_board6.png
log47_board7,log47,7,1621,1025,298,999,1919,2024,999,298,3.35234899,0,0,4624,3468,/home/sshirodk/Documents/Biomtrace-new/matching/spatial/ducret-autun-t2-virtual-sawn-full-similarity/seg/log47_board7.jpg,/home/sshirodk/Documents/Biomtrace-new/matching/spatial/ducret-traceability-evaluation-v18/dataset/localization_ground_truth_masks/log47_board7.png
log47_board8,log47,8,965,1284,310,1065,1275,2349,1065,310,3.43548387,90,270,4624,3468,/home/sshirodk/Documents/Biomtrace-new/matching/spatial/ducret-autun-t2-virtual-sawn-full-similarity/seg/log47_board8.jpg,/home/sshirodk/Documents/Biomtrace-new/matching/spatial/ducret-traceability-evaluation-v18/dataset/localization_ground_truth_masks/log47_board8.png
log47_board9,log47,9,1758,1875,328,1181,2086,3056,1181,328,3.60060976,0,0,4624,3468,/home/sshirodk/Documents/Biomtrace-new/matching/spatial/ducret-autun-t2-virtual-sawn-full-similarity/seg/log47_board9.jpg,/home/sshirodk/Documents/Biomtrace-new/matching/spatial/ducret-traceability-evaluation-v18/dataset/localization_ground_truth_masks/log47_board9.png
log47_board10,log47,10,2189,1042,370,953,2559,1995,953,370,2.57567568,0,0,4624,3468,/home/sshirodk/Documents/Biomtrace-new/matching/spatial/ducret-autun-t2-virtual-sawn-full-similarity/seg/log47_board10.jpg,/home/sshirodk/Documents/Biomtrace-new/matching/spatial/ducret-traceability-evaluation-v18/dataset/localization_ground_truth_masks/log47_board10.png
log48_board1,log48,1,3355,1359,436,925,3791,2284,925,436,2.12155963,270,90,4624,3468,/home/sshirodk/Documents/Biomtrace-new/matching/spatial/ducret-autun-t2-virtual-sawn-full-similarity/seg/log48_board1.jpg,/home/sshirodk/Documents/Biomtrace-new/matching/spatial/ducret-traceability-evaluation-v18/dataset/localization_ground_truth_masks/log48_board1.png
log48_board2,log48,2,3143,1759,910,335,4053,2094,910,335,2.71641791,180,180,4624,3468,/home/sshirodk/Documents/Biomtrace-new/matching/spatial/ducret-autun-t2-virtual-sawn-full-similarity/seg/log48_board2.jpg,/home/sshirodk/Documents/Biomtrace-new/matching/spatial/ducret-traceability-evaluation-v18/dataset/localization_ground_truth_masks/log48_board2.png
log48_board3,log48,3,3082,1708,309,804,3391,2512,804,309,2.60194175,0,0,4624,3468,/home/sshirodk/Documents/Biomtrace-new/matching/spatial/ducret-autun-t2-virtual-sawn-full-similarity/seg/log48_board3.jpg,/home/sshirodk/Documents/Biomtrace-new/matching/spatial/ducret-traceability-evaluation-v18/dataset/localization_ground_truth_masks/log48_board3.png
log48_board4,log48,4,2397,1757,903,233,3300,1990,903,233,3.87553648,0,0,4624,3468,/home/sshirodk/Documents/Biomtrace-new/matching/spatial/ducret-autun-t2-virtual-sawn-full-similarity/seg/log48_board4.jpg,/home/sshirodk/Documents/Biomtrace-new/matching/spatial/ducret-traceability-evaluation-v18/dataset/localization_ground_truth_masks/log48_board4.png
log48_board5,log48,5,2197,1897,787,291,2984,2188,787,291,2.70446735,270,90,4624,3468,/home/sshirodk/Documents/Biomtrace-new/matching/spatial/ducret-autun-t2-virtual-sawn-full-similarity/seg/log48_board5.jpg,/home/sshirodk/Documents/Biomtrace-new/matching/spatial/ducret-traceability-evaluation-v18/dataset/localization_ground_truth_masks/log48_board5.png
log48_board6,log48,6,3205,1805,986,347,4191,2152,986,347,2.84149856,90,270,4624,3468,/home/sshirodk/Documents/Biomtrace-new/matching/spatial/ducret-autun-t2-virtual-sawn-full-similarity/seg/log48_board6.jpg,/home/sshirodk/Documents/Biomtrace-new/matching/spatial/ducret-traceability-evaluation-v18/dataset/localization_ground_truth_masks/log48_board6.png
log48_board7,log48,7,3460,1858,382,907,3842,2765,907,382,2.37434555,0,0,4624,3468,/home/sshirodk/Documents/Biomtrace-new/matching/spatial/ducret-autun-t2-virtual-sawn-full-similarity/seg/log48_board7.jpg,/home/sshirodk/Documents/Biomtrace-new/matching/spatial/ducret-traceability-evaluation-v18/dataset/localization_ground_truth_masks/log48_board7.png
log48_board8,log48,8,2838,1673,360,917,3198,2590,917,360,2.54722222,180,180,4624,3468,/home/sshirodk/Documents/Biomtrace-new/matching/spatial/ducret-autun-t2-virtual-sawn-full-similarity/seg/log48_board8.jpg,/home/sshirodk/Documents/Biomtrace-new/matching/spatial/ducret-traceability-evaluation-v18/dataset/localization_ground_truth_masks/log48_board8.png
log48_board9,log48,9,2586,1394,854,217,3440,1611,854,217,3.93548387,90,270,4624,3468,/home/sshirodk/Documents/Biomtrace-new/matching/spatial/ducret-autun-t2-virtual-sawn-full-similarity/seg/log48_board9.jpg,/home/sshirodk/Documents/Biomtrace-new/matching/spatial/ducret-traceability-evaluation-v18/dataset/localization_ground_truth_masks/log48_board9.png
log48_board10,log48,10,2891,1201,333,1000,3224,2201,1000,333,3.00300300,0,0,4624,3468,/home/sshirodk/Documents/Biomtrace-new/matching/spatial/ducret-autun-t2-virtual-sawn-full-similarity/seg/log48_board10.jpg,/home/sshirodk/Documents/Biomtrace-new/matching/spatial/ducret-traceability-evaluation-v18/dataset/localization_ground_truth_masks/log48_board10.png
log49_board1,log49,1,2710,1032,341,1144,3051,2176,1144,341,3.35483871,0,0,4624,3468,/home/sshirodk/Documents/Biomtrace-new/matching/spatial/ducret-autun-t2-virtual-sawn-full-similarity/seg/log49_board1.jpg,/home/sshirodk/Documents/Biomtrace-new/matching/spatial/ducret-traceability-evaluation-v18/dataset/localization_ground_truth_masks/log49_board1.png
log49_board2,log49,2,2661,702,1247,521,3908,1223,1247,521,2.39347409,0,0,4624,3468,/home/sshirodk/Documents/Biomtrace-new/matching/spatial/ducret-autun-t2-virtual-sawn-full-similarity/seg/log49_board2.jpg,/home/sshirodk/Documents/Biomtrace-new/matching/spatial/ducret-traceability-evaluation-v18/dataset/localization_ground_truth_masks/log49_board2.png
log49_board3,log49,3,2545,705,447,1128,2992,1833,1128,447,2.52348993,90,270,4624,3468,/home/sshirodk/Documents/Biomtrace-new/matching/spatial/ducret-autun-t2-virtual-sawn-full-similarity/seg/log49_board3.jpg,/home/sshirodk/Documents/Biomtrace-new/matching/spatial/ducret-traceability-evaluation-v18/dataset/localization_ground_truth_masks/log49_board3.png
log49_board4,log49,4,1935,1289,382,1197,2317,2486,1197,382,3.13350785,0,0,4624,3468,/home/sshirodk/Documents/Biomtrace-new/matching/spatial/ducret-autun-t2-virtual-sawn-full-similarity/seg/log49_board4.jpg,/home/sshirodk/Documents/Biomtrace-new/matching/spatial/ducret-traceability-evaluation-v18/dataset/localization_ground_truth_masks/log49_board4.png
log49_board5,log49,5,1901,1807,258,937,2159,2744,937,258,3.63178295,90,270,4624,3468,/home/sshirodk/Documents/Biomtrace-new/matching/spatial/ducret-autun-t2-virtual-sawn-full-similarity/seg/log49_board5.jpg,/home/sshirodk/Documents/Biomtrace-new/matching/spatial/ducret-traceability-evaluation-v18/dataset/localization_ground_truth_masks/log49_board5.png
log49_board6,log49,6,2145,456,502,1213,2647,1669,1213,502,2.41633466,270,90,4624,3468,/home/sshirodk/Documents/Biomtrace-new/matching/spatial/ducret-autun-t2-virtual-sawn-full-similarity/seg/log49_board6.jpg,/home/sshirodk/Documents/Biomtrace-new/matching/spatial/ducret-traceability-evaluation-v18/dataset/localization_ground_truth_masks/log49_board6.png
log49_board7,log49,7,2691,773,1035,313,3726,1086,1035,313,3.30670927,180,180,4624,3468,/home/sshirodk/Documents/Biomtrace-new/matching/spatial/ducret-autun-t2-virtual-sawn-full-similarity/seg/log49_board7.jpg,/home/sshirodk/Documents/Biomtrace-new/matching/spatial/ducret-traceability-evaluation-v18/dataset/localization_ground_truth_masks/log49_board7.png
log49_board8,log49,8,2610,945,315,1067,2925,2012,1067,315,3.38730159,270,90,4624,3468,/home/sshirodk/Documents/Biomtrace-new/matching/spatial/ducret-autun-t2-virtual-sawn-full-similarity/seg/log49_board8.jpg,/home/sshirodk/Documents/Biomtrace-new/matching/spatial/ducret-traceability-evaluation-v18/dataset/localization_ground_truth_masks/log49_board8.png
log49_board9,log49,9,3041,897,507,1030,3548,1927,1030,507,2.03155819,180,180,4624,3468,/home/sshirodk/Documents/Biomtrace-new/matching/spatial/ducret-autun-t2-virtual-sawn-full-similarity/seg/log49_board9.jpg,/home/sshirodk/Documents/Biomtrace-new/matching/spatial/ducret-traceability-evaluation-v18/dataset/localization_ground_truth_masks/log49_board9.png
log49_board10,log49,10,2823,1419,417,1135,3240,2554,1135,417,2.72182254,180,180,4624,3468,/home/sshirodk/Documents/Biomtrace-new/matching/spatial/ducret-autun-t2-virtual-sawn-full-similarity/seg/log49_board10.jpg,/home/sshirodk/Documents/Biomtrace-new/matching/spatial/ducret-traceability-evaluation-v18/dataset/localization_ground_truth_masks/log49_board10.png
log50_board1,log50,1,470,1720,834,356,1304,2076,834,356,2.34269663,180,180,4624,3468,/home/sshirodk/Documents/Biomtrace-new/matching/spatial/ducret-autun-t2-virtual-sawn-full-similarity/seg/log50_board1.jpg,/home/sshirodk/Documents/Biomtrace-new/matching/spatial/ducret-traceability-evaluation-v18/dataset/localization_ground_truth_masks/log50_board1.png
log50_board2,log50,2,1276,1562,930,400,2206,1962,930,400,2.32500000,180,180,4624,3468,/home/sshirodk/Documents/Biomtrace-new/matching/spatial/ducret-autun-t2-virtual-sawn-full-similarity/seg/log50_board2.jpg,/home/sshirodk/Documents/Biomtrace-new/matching/spatial/ducret-traceability-evaluation-v18/dataset/localization_ground_truth_masks/log50_board2.png
log50_board3,log50,3,1219,1113,439,913,1658,2026,913,439,2.07972665,180,180,4624,3468,/home/sshirodk/Documents/Biomtrace-new/matching/spatial/ducret-autun-t2-virtual-sawn-full-similarity/seg/log50_board3.jpg,/home/sshirodk/Documents/Biomtrace-new/matching/spatial/ducret-traceability-evaluation-v18/dataset/localization_ground_truth_masks/log50_board3.png
log50_board4,log50,4,844,1704,385,906,1229,2610,906,385,2.35324675,180,180,4624,3468,/home/sshirodk/Documents/Biomtrace-new/matching/spatial/ducret-autun-t2-virtual-sawn-full-similarity/seg/log50_board4.jpg,/home/sshirodk/Documents/Biomtrace-new/matching/spatial/ducret-traceability-evaluation-v18/dataset/localization_ground_truth_masks/log50_board4.png
log50_board5,log50,5,604,1655,946,439,1550,2094,946,439,2.15489749,0,0,4624,3468,/home/sshirodk/Documents/Biomtrace-new/matching/spatial/ducret-autun-t2-virtual-sawn-full-similarity/seg/log50_board5.jpg,/home/sshirodk/Documents/Biomtrace-new/matching/spatial/ducret-traceability-evaluation-v18/dataset/localization_ground_truth_masks/log50_board5.png
log50_board6,log50,6,899,1577,418,1057,1317,2634,1057,418,2.52870813,90,270,4624,3468,/home/sshirodk/Documents/Biomtrace-new/matching/spatial/ducret-autun-t2-virtual-sawn-full-similarity/seg/log50_board6.jpg,/home/sshirodk/Documents/Biomtrace-new/matching/spatial/ducret-traceability-evaluation-v18/dataset/localization_ground_truth_masks/log50_board6.png
log50_board7,log50,7,1883,1088,266,969,2149,2057,969,266,3.64285714,270,90,4624,3468,/home/sshirodk/Documents/Biomtrace-new/matching/spatial/ducret-autun-t2-virtual-sawn-full-similarity/seg/log50_board7.jpg,/home/sshirodk/Documents/Biomtrace-new/matching/spatial/ducret-traceability-evaluation-v18/dataset/localization_ground_truth_masks/log50_board7.png
log50_board8,log50,8,981,1833,991,396,1972,2229,991,396,2.50252525,270,90,4624,3468,/home/sshirodk/Documents/Biomtrace-new/matching/spatial/ducret-autun-t2-virtual-sawn-full-similarity/seg/log50_board8.jpg,/home/sshirodk/Documents/Biomtrace-new/matching/spatial/ducret-traceability-evaluation-v18/dataset/localization_ground_truth_masks/log50_board8.png
log50_board9,log50,9,748,1580,327,814,1075,2394,814,327,2.48929664,180,180,4624,3468,/home/sshirodk/Documents/Biomtrace-new/matching/spatial/ducret-autun-t2-virtual-sawn-full-similarity/seg/log50_board9.jpg,/home/sshirodk/Documents/Biomtrace-new/matching/spatial/ducret-traceability-evaluation-v18/dataset/localization_ground_truth_masks/log50_board9.png
log50_board10,log50,10,1148,2020,952,239,2100,2259,952,239,3.98326360,0,0,4624,3468,/home/sshirodk/Documents/Biomtrace-new/matching/spatial/ducret-autun-t2-virtual-sawn-full-similarity/seg/log50_board10.jpg,/home/sshirodk/Documents/Biomtrace-new/matching/spatial/ducret-traceability-evaluation-v18/dataset/localization_ground_truth_masks/log50_board10.png
log51_board1,log51,1,1527,2243,1098,327,2625,2570,1098,327,3.35779817,180,180,4624,3468,/home/sshirodk/Documents/Biomtrace-new/matching/spatial/ducret-autun-t2-virtual-sawn-full-similarity/seg/log51_board1.jpg,/home/sshirodk/Documents/Biomtrace-new/matching/spatial/ducret-traceability-evaluation-v18/dataset/localization_ground_truth_masks/log51_board1.png
log51_board2,log51,2,1619,206,1151,524,2770,730,1151,524,2.19656489,180,180,4624,3468,/home/sshirodk/Documents/Biomtrace-new/matching/spatial/ducret-autun-t2-virtual-sawn-full-similarity/seg/log51_board2.jpg,/home/sshirodk/Documents/Biomtrace-new/matching/spatial/ducret-traceability-evaluation-v18/dataset/localization_ground_truth_masks/log51_board2.png
log51_board3,log51,3,1554,1434,1100,291,2654,1725,1100,291,3.78006873,0,0,4624,3468,/home/sshirodk/Documents/Biomtrace-new/matching/spatial/ducret-autun-t2-virtual-sawn-full-similarity/seg/log51_board3.jpg,/home/sshirodk/Documents/Biomtrace-new/matching/spatial/ducret-traceability-evaluation-v18/dataset/localization_ground_truth_masks/log51_board3.png
log51_board4,log51,4,2029,790,317,981,2346,1771,981,317,3.09463722,270,90,4624,3468,/home/sshirodk/Documents/Biomtrace-new/matching/spatial/ducret-autun-t2-virtual-sawn-full-similarity/seg/log51_board4.jpg,/home/sshirodk/Documents/Biomtrace-new/matching/spatial/ducret-traceability-evaluation-v18/dataset/localization_ground_truth_masks/log51_board4.png
log51_board5,log51,5,1848,1081,299,898,2147,1979,898,299,3.00334448,270,90,4624,3468,/home/sshirodk/Documents/Biomtrace-new/matching/spatial/ducret-autun-t2-virtual-sawn-full-similarity/seg/log51_board5.jpg,/home/sshirodk/Documents/Biomtrace-new/matching/spatial/ducret-traceability-evaluation-v18/dataset/localization_ground_truth_masks/log51_board5.png
log51_board6,log51,6,1547,1253,1024,497,2571,1750,1024,497,2.06036217,270,90,4624,3468,/home/sshirodk/Documents/Biomtrace-new/matching/spatial/ducret-autun-t2-virtual-sawn-full-similarity/seg/log51_board6.jpg,/home/sshirodk/Documents/Biomtrace-new/matching/spatial/ducret-traceability-evaluation-v18/dataset/localization_ground_truth_masks/log51_board6.png
log51_board7,log51,7,2364,1750,509,1056,2873,2806,1056,509,2.07465619,0,0,4624,3468,/home/sshirodk/Documents/Biomtrace-new/matching/spatial/ducret-autun-t2-virtual-sawn-full-similarity/seg/log51_board7.jpg,/home/sshirodk/Documents/Biomtrace-new/matching/spatial/ducret-traceability-evaluation-v18/dataset/localization_ground_truth_masks/log51_board7.png
log51_board8,log51,8,2379,1879,373,1100,2752,2979,1100,373,2.94906166,270,90,4624,3468,/home/sshirodk/Documents/Biomtrace-new/matching/spatial/ducret-autun-t2-virtual-sawn-full-similarity/seg/log51_board8.jpg,/home/sshirodk/Documents/Biomtrace-new/matching/spatial/ducret-traceability-evaluation-v18/dataset/localization_ground_truth_masks/log51_board8.png
log51_board9,log51,9,1532,937,968,289,2500,1226,968,289,3.34948097,0,0,4624,3468,/home/sshirodk/Documents/Biomtrace-new/matching/spatial/ducret-autun-t2-virtual-sawn-full-similarity/seg/log51_board9.jpg,/home/sshirodk/Documents/Biomtrace-new/matching/spatial/ducret-traceability-evaluation-v18/dataset/localization_ground_truth_masks/log51_board9.png
log51_board10,log51,10,1801,1060,264,933,2065,1993,933,264,3.53409091,180,180,4624,3468,/home/sshirodk/Documents/Biomtrace-new/matching/spatial/ducret-autun-t2-virtual-sawn-full-similarity/seg/log51_board10.jpg,/home/sshirodk/Documents/Biomtrace-new/matching/spatial/ducret-traceability-evaluation-v18/dataset/localization_ground_truth_masks/log51_board10.png
log52_board1,log52,1,1579,1410,331,847,1910,2257,847,331,2.55891239,0,0,4624,3468,/home/sshirodk/Documents/Biomtrace-new/matching/spatial/ducret-autun-t2-virtual-sawn-full-similarity/seg/log52_board1.jpg,/home/sshirodk/Documents/Biomtrace-new/matching/spatial/ducret-traceability-evaluation-v18/dataset/localization_ground_truth_masks/log52_board1.png
log52_board2,log52,2,1449,1966,850,399,2299,2365,850,399,2.13032581,0,0,4624,3468,/home/sshirodk/Documents/Biomtrace-new/matching/spatial/ducret-autun-t2-virtual-sawn-full-similarity/seg/log52_board2.jpg,/home/sshirodk/Documents/Biomtrace-new/matching/spatial/ducret-traceability-evaluation-v18/dataset/localization_ground_truth_masks/log52_board2.png
log52_board3,log52,3,1411,513,1020,467,2431,980,1020,467,2.18415418,0,0,4624,3468,/home/sshirodk/Documents/Biomtrace-new/matching/spatial/ducret-autun-t2-virtual-sawn-full-similarity/seg/log52_board3.jpg,/home/sshirodk/Documents/Biomtrace-new/matching/spatial/ducret-traceability-evaluation-v18/dataset/localization_ground_truth_masks/log52_board3.png
log52_board4,log52,4,1683,1064,797,393,2480,1457,797,393,2.02798982,90,270,4624,3468,/home/sshirodk/Documents/Biomtrace-new/matching/spatial/ducret-autun-t2-virtual-sawn-full-similarity/seg/log52_board4.jpg,/home/sshirodk/Documents/Biomtrace-new/matching/spatial/ducret-traceability-evaluation-v18/dataset/localization_ground_truth_masks/log52_board4.png
log52_board5,log52,5,2129,607,199,793,2328,1400,793,199,3.98492462,270,90,4624,3468,/home/sshirodk/Documents/Biomtrace-new/matching/spatial/ducret-autun-t2-virtual-sawn-full-similarity/seg/log52_board5.jpg,/home/sshirodk/Documents/Biomtrace-new/matching/spatial/ducret-traceability-evaluation-v18/dataset/localization_ground_truth_masks/log52_board5.png
log52_board6,log52,6,1816,987,831,367,2647,1354,831,367,2.26430518,90,270,4624,3468,/home/sshirodk/Documents/Biomtrace-new/matching/spatial/ducret-autun-t2-virtual-sawn-full-similarity/seg/log52_board6.jpg,/home/sshirodk/Documents/Biomtrace-new/matching/spatial/ducret-traceability-evaluation-v18/dataset/localization_ground_truth_masks/log52_board6.png
log52_board7,log52,7,834,1415,795,276,1629,1691,795,276,2.88043478,0,0,4624,3468,/home/sshirodk/Documents/Biomtrace-new/matching/spatial/ducret-autun-t2-virtual-sawn-full-similarity/seg/log52_board7.jpg,/home/sshirodk/Documents/Biomtrace-new/matching/spatial/ducret-traceability-evaluation-v18/dataset/localization_ground_truth_masks/log52_board7.png
log52_board8,log52,8,1388,914,242,961,1630,1875,961,242,3.97107438,0,0,4624,3468,/home/sshirodk/Documents/Biomtrace-new/matching/spatial/ducret-autun-t2-virtual-sawn-full-similarity/seg/log52_board8.jpg,/home/sshirodk/Documents/Biomtrace-new/matching/spatial/ducret-traceability-evaluation-v18/dataset/localization_ground_truth_masks/log52_board8.png
log52_board9,log52,9,1779,1804,861,256,2640,2060,861,256,3.36328125,90,270,4624,3468,/home/sshirodk/Documents/Biomtrace-new/matching/spatial/ducret-autun-t2-virtual-sawn-full-similarity/seg/log52_board9.jpg,/home/sshirodk/Documents/Biomtrace-new/matching/spatial/ducret-traceability-evaluation-v18/dataset/localization_ground_truth_masks/log52_board9.png
log52_board10,log52,10,1532,949,939,248,2471,1197,939,248,3.78629032,270,90,4624,3468,/home/sshirodk/Documents/Biomtrace-new/matching/spatial/ducret-autun-t2-virtual-sawn-full-similarity/seg/log52_board10.jpg,/home/sshirodk/Documents/Biomtrace-new/matching/spatial/ducret-traceability-evaluation-v18/dataset/localization_ground_truth_masks/log52_board10.png
log53_board1,log53,1,1800,1942,893,305,2693,2247,893,305,2.92786885,90,270,4624,3468,/home/sshirodk/Documents/Biomtrace-new/matching/spatial/ducret-autun-t2-virtual-sawn-full-similarity/seg/log53_board1.jpg,/home/sshirodk/Documents/Biomtrace-new/matching/spatial/ducret-traceability-evaluation-v18/dataset/localization_ground_truth_masks/log53_board1.png
log53_board2,log53,2,1401,979,275,875,1676,1854,875,275,3.18181818,270,90,4624,3468,/home/sshirodk/Documents/Biomtrace-new/matching/spatial/ducret-autun-t2-virtual-sawn-full-similarity/seg/log53_board2.jpg,/home/sshirodk/Documents/Biomtrace-new/matching/spatial/ducret-traceability-evaluation-v18/dataset/localization_ground_truth_masks/log53_board2.png
log53_board3,log53,3,1721,1002,226,873,1947,1875,873,226,3.86283186,0,0,4624,3468,/home/sshirodk/Documents/Biomtrace-new/matching/spatial/ducret-autun-t2-virtual-sawn-full-similarity/seg/log53_board3.jpg,/home/sshirodk/Documents/Biomtrace-new/matching/spatial/ducret-traceability-evaluation-v18/dataset/localization_ground_truth_masks/log53_board3.png
log53_board4,log53,4,1555,1246,316,857,1871,2103,857,316,2.71202532,270,90,4624,3468,/home/sshirodk/Documents/Biomtrace-new/matching/spatial/ducret-autun-t2-virtual-sawn-full-similarity/seg/log53_board4.jpg,/home/sshirodk/Documents/Biomtrace-new/matching/spatial/ducret-traceability-evaluation-v18/dataset/localization_ground_truth_masks/log53_board4.png
log53_board5,log53,5,1625,735,697,183,2322,918,697,183,3.80874317,180,180,4624,3468,/home/sshirodk/Documents/Biomtrace-new/matching/spatial/ducret-autun-t2-virtual-sawn-full-similarity/seg/log53_board5.jpg,/home/sshirodk/Documents/Biomtrace-new/matching/spatial/ducret-traceability-evaluation-v18/dataset/localization_ground_truth_masks/log53_board5.png
log53_board6,log53,6,2186,1379,228,713,2414,2092,713,228,3.12719298,180,180,4624,3468,/home/sshirodk/Documents/Biomtrace-new/matching/spatial/ducret-autun-t2-virtual-sawn-full-similarity/seg/log53_board6.jpg,/home/sshirodk/Documents/Biomtrace-new/matching/spatial/ducret-traceability-evaluation-v18/dataset/localization_ground_truth_masks/log53_board6.png
log53_board7,log53,7,1331,1905,791,280,2122,2185,791,280,2.82500000,90,270,4624,3468,/home/sshirodk/Documents/Biomtrace-new/matching/spatial/ducret-autun-t2-virtual-sawn-full-similarity/seg/log53_board7.jpg,/home/sshirodk/Documents/Biomtrace-new/matching/spatial/ducret-traceability-evaluation-v18/dataset/localization_ground_truth_masks/log53_board7.png
log53_board8,log53,8,1637,1437,813,218,2450,1655,813,218,3.72935780,90,270,4624,3468,/home/sshirodk/Documents/Biomtrace-new/matching/spatial/ducret-autun-t2-virtual-sawn-full-similarity/seg/log53_board8.jpg,/home/sshirodk/Documents/Biomtrace-new/matching/spatial/ducret-traceability-evaluation-v18/dataset/localization_ground_truth_masks/log53_board8.png
log53_board9,log53,9,2607,1118,312,742,2919,1860,742,312,2.37820513,0,0,4624,3468,/home/sshirodk/Documents/Biomtrace-new/matching/spatial/ducret-autun-t2-virtual-sawn-full-similarity/seg/log53_board9.jpg,/home/sshirodk/Documents/Biomtrace-new/matching/spatial/ducret-traceability-evaluation-v18/dataset/localization_ground_truth_masks/log53_board9.png
log53_board10,log53,10,1507,2211,863,289,2370,2500,863,289,2.98615917,0,0,4624,3468,/home/sshirodk/Documents/Biomtrace-new/matching/spatial/ducret-autun-t2-virtual-sawn-full-similarity/seg/log53_board10.jpg,/home/sshirodk/Documents/Biomtrace-new/matching/spatial/ducret-traceability-evaluation-v18/dataset/localization_ground_truth_masks/log53_board10.png
log54_board1,log54,1,1560,991,1097,530,2657,1521,1097,530,2.06981132,270,90,4624,3468,/home/sshirodk/Documents/Biomtrace-new/matching/spatial/ducret-autun-t2-virtual-sawn-full-similarity/seg/log54_board1.jpg,/home/sshirodk/Documents/Biomtrace-new/matching/spatial/ducret-traceability-evaluation-v18/dataset/localization_ground_truth_masks/log54_board1.png
log54_board2,log54,2,874,1850,936,328,1810,2178,936,328,2.85365854,180,180,4624,3468,/home/sshirodk/Documents/Biomtrace-new/matching/spatial/ducret-autun-t2-virtual-sawn-full-similarity/seg/log54_board2.jpg,/home/sshirodk/Documents/Biomtrace-new/matching/spatial/ducret-traceability-evaluation-v18/dataset/localization_ground_truth_masks/log54_board2.png
log54_board3,log54,3,1964,906,305,1144,2269,2050,1144,305,3.75081967,270,90,4624,3468,/home/sshirodk/Documents/Biomtrace-new/matching/spatial/ducret-autun-t2-virtual-sawn-full-similarity/seg/log54_board3.jpg,/home/sshirodk/Documents/Biomtrace-new/matching/spatial/ducret-traceability-evaluation-v18/dataset/localization_ground_truth_masks/log54_board3.png
log54_board4,log54,4,846,2064,1062,299,1908,2363,1062,299,3.55183946,180,180,4624,3468,/home/sshirodk/Documents/Biomtrace-new/matching/spatial/ducret-autun-t2-virtual-sawn-full-similarity/seg/log54_board4.jpg,/home/sshirodk/Documents/Biomtrace-new/matching/spatial/ducret-traceability-evaluation-v18/dataset/localization_ground_truth_masks/log54_board4.png
log54_board5,log54,5,1153,1302,1143,444,2296,1746,1143,444,2.57432432,270,90,4624,3468,/home/sshirodk/Documents/Biomtrace-new/matching/spatial/ducret-autun-t2-virtual-sawn-full-similarity/seg/log54_board5.jpg,/home/sshirodk/Documents/Biomtrace-new/matching/spatial/ducret-traceability-evaluation-v18/dataset/localization_ground_truth_masks/log54_board5.png
log54_board6,log54,6,1517,1878,318,1034,1835,2912,1034,318,3.25157233,0,0,4624,3468,/home/sshirodk/Documents/Biomtrace-new/matching/spatial/ducret-autun-t2-virtual-sawn-full-similarity/seg/log54_board6.jpg,/home/sshirodk/Documents/Biomtrace-new/matching/spatial/ducret-traceability-evaluation-v18/dataset/localization_ground_truth_masks/log54_board6.png
log54_board7,log54,7,1795,831,969,448,2764,1279,969,448,2.16294643,180,180,4624,3468,/home/sshirodk/Documents/Biomtrace-new/matching/spatial/ducret-autun-t2-virtual-sawn-full-similarity/seg/log54_board7.jpg,/home/sshirodk/Documents/Biomtrace-new/matching/spatial/ducret-traceability-evaluation-v18/dataset/localization_ground_truth_masks/log54_board7.png
log54_board8,log54,8,1798,726,511,1043,2309,1769,1043,511,2.04109589,270,90,4624,3468,/home/sshirodk/Documents/Biomtrace-new/matching/spatial/ducret-autun-t2-virtual-sawn-full-similarity/seg/log54_board8.jpg,/home/sshirodk/Documents/Biomtrace-new/matching/spatial/ducret-traceability-evaluation-v18/dataset/localization_ground_truth_masks/log54_board8.png
log54_board9,log54,9,2141,1396,1214,430,3355,1826,1214,430,2.82325581,90,270,4624,3468,/home/sshirodk/Documents/Biomtrace-new/matching/spatial/ducret-autun-t2-virtual-sawn-full-similarity/seg/log54_board9.jpg,/home/sshirodk/Documents/Biomtrace-new/matching/spatial/ducret-traceability-evaluation-v18/dataset/localization_ground_truth_masks/log54_board9.png
log54_board10,log54,10,1330,1587,1087,458,2417,2045,1087,458,2.37336245,180,180,4624,3468,/home/sshirodk/Documents/Biomtrace-new/matching/spatial/ducret-autun-t2-virtual-sawn-full-similarity/seg/log54_board10.jpg,/home/sshirodk/Documents/Biomtrace-new/matching/spatial/ducret-traceability-evaluation-v18/dataset/localization_ground_truth_masks/log54_board10.png
log55_board1,log55,1,2784,1247,201,790,2985,2037,790,201,3.93034826,90,270,4624,3468,/home/sshirodk/Documents/Biomtrace-new/matching/spatial/ducret-autun-t2-virtual-sawn-full-similarity/seg/log55_board1.jpg,/home/sshirodk/Documents/Biomtrace-new/matching/spatial/ducret-traceability-evaluation-v18/dataset/localization_ground_truth_masks/log55_board1.png
log55_board2,log55,2,2356,2690,853,276,3209,2966,853,276,3.09057971,0,0,4624,3468,/home/sshirodk/Documents/Biomtrace-new/matching/spatial/ducret-autun-t2-virtual-sawn-full-similarity/seg/log55_board2.jpg,/home/sshirodk/Documents/Biomtrace-new/matching/spatial/ducret-traceability-evaluation-v18/dataset/localization_ground_truth_masks/log55_board2.png
log55_board3,log55,3,1676,1303,880,393,2556,1696,880,393,2.23918575,0,0,4624,3468,/home/sshirodk/Documents/Biomtrace-new/matching/spatial/ducret-autun-t2-virtual-sawn-full-similarity/seg/log55_board3.jpg,/home/sshirodk/Documents/Biomtrace-new/matching/spatial/ducret-traceability-evaluation-v18/dataset/localization_ground_truth_masks/log55_board3.png
log55_board4,log55,4,3016,2068,297,848,3313,2916,848,297,2.85521886,0,0,4624,3468,/home/sshirodk/Documents/Biomtrace-new/matching/spatial/ducret-autun-t2-virtual-sawn-full-similarity/seg/log55_board4.jpg,/home/sshirodk/Documents/Biomtrace-new/matching/spatial/ducret-traceability-evaluation-v18/dataset/localization_ground_truth_masks/log55_board4.png
log55_board5,log55,5,2501,1364,807,216,3308,1580,807,216,3.73611111,0,0,4624,3468,/home/sshirodk/Documents/Biomtrace-new/matching/spatial/ducret-autun-t2-virtual-sawn-full-similarity/seg/log55_board5.jpg,/home/sshirodk/Documents/Biomtrace-new/matching/spatial/ducret-traceability-evaluation-v18/dataset/localization_ground_truth_masks/log55_board5.png
log55_board6,log55,6,3197,1487,462,998,3659,2485,998,462,2.16017316,90,270,4624,3468,/home/sshirodk/Documents/Biomtrace-new/matching/spatial/ducret-autun-t2-virtual-sawn-full-similarity/seg/log55_board6.jpg,/home/sshirodk/Documents/Biomtrace-new/matching/spatial/ducret-traceability-evaluation-v18/dataset/localization_ground_truth_masks/log55_board6.png
log55_board7,log55,7,2368,649,234,881,2602,1530,881,234,3.76495726,270,90,4624,3468,/home/sshirodk/Documents/Biomtrace-new/matching/spatial/ducret-autun-t2-virtual-sawn-full-similarity/seg/log55_board7.jpg,/home/sshirodk/Documents/Biomtrace-new/matching/spatial/ducret-traceability-evaluation-v18/dataset/localization_ground_truth_masks/log55_board7.png
log55_board8,log55,8,3297,1601,283,939,3580,2540,939,283,3.31802120,0,0,4624,3468,/home/sshirodk/Documents/Biomtrace-new/matching/spatial/ducret-autun-t2-virtual-sawn-full-similarity/seg/log55_board8.jpg,/home/sshirodk/Documents/Biomtrace-new/matching/spatial/ducret-traceability-evaluation-v18/dataset/localization_ground_truth_masks/log55_board8.png
log55_board9,log55,9,2431,1540,288,907,2719,2447,907,288,3.14930556,270,90,4624,3468,/home/sshirodk/Documents/Biomtrace-new/matching/spatial/ducret-autun-t2-virtual-sawn-full-similarity/seg/log55_board9.jpg,/home/sshirodk/Documents/Biomtrace-new/matching/spatial/ducret-traceability-evaluation-v18/dataset/localization_ground_truth_masks/log55_board9.png
log55_board10,log55,10,2243,1241,274,913,2517,2154,913,274,3.33211679,0,0,4624,3468,/home/sshirodk/Documents/Biomtrace-new/matching/spatial/ducret-autun-t2-virtual-sawn-full-similarity/seg/log55_board10.jpg,/home/sshirodk/Documents/Biomtrace-new/matching/spatial/ducret-traceability-evaluation-v18/dataset/localization_ground_truth_masks/log55_board10.png
log56_board1,log56,1,2772,1240,184,702,2956,1942,702,184,3.81521739,270,90,4624,3468,/home/sshirodk/Documents/Biomtrace-new/matching/spatial/ducret-autun-t2-virtual-sawn-full-similarity/seg/log56_board1.jpg,/home/sshirodk/Documents/Biomtrace-new/matching/spatial/ducret-traceability-evaluation-v18/dataset/localization_ground_truth_masks/log56_board1.png
log56_board2,log56,2,2054,1731,899,233,2953,1964,899,233,3.85836910,0,0,4624,3468,/home/sshirodk/Documents/Biomtrace-new/matching/spatial/ducret-autun-t2-virtual-sawn-full-similarity/seg/log56_board2.jpg,/home/sshirodk/Documents/Biomtrace-new/matching/spatial/ducret-traceability-evaluation-v18/dataset/localization_ground_truth_masks/log56_board2.png
log56_board3,log56,3,1916,1947,735,243,2651,2190,735,243,3.02469136,270,90,4624,3468,/home/sshirodk/Documents/Biomtrace-new/matching/spatial/ducret-autun-t2-virtual-sawn-full-similarity/seg/log56_board3.jpg,/home/sshirodk/Documents/Biomtrace-new/matching/spatial/ducret-traceability-evaluation-v18/dataset/localization_ground_truth_masks/log56_board3.png
log56_board4,log56,4,1815,1880,848,220,2663,2100,848,220,3.85454545,180,180,4624,3468,/home/sshirodk/Documents/Biomtrace-new/matching/spatial/ducret-autun-t2-virtual-sawn-full-similarity/seg/log56_board4.jpg,/home/sshirodk/Documents/Biomtrace-new/matching/spatial/ducret-traceability-evaluation-v18/dataset/localization_ground_truth_masks/log56_board4.png
log56_board5,log56,5,1821,2355,889,262,2710,2617,889,262,3.39312977,90,270,4624,3468,/home/sshirodk/Documents/Biomtrace-new/matching/spatial/ducret-autun-t2-virtual-sawn-full-similarity/seg/log56_board5.jpg,/home/sshirodk/Documents/Biomtrace-new/matching/spatial/ducret-traceability-evaluation-v18/dataset/localization_ground_truth_masks/log56_board5.png
log56_board6,log56,6,2317,2375,876,432,3193,2807,876,432,2.02777778,0,0,4624,3468,/home/sshirodk/Documents/Biomtrace-new/matching/spatial/ducret-autun-t2-virtual-sawn-full-similarity/seg/log56_board6.jpg,/home/sshirodk/Documents/Biomtrace-new/matching/spatial/ducret-traceability-evaluation-v18/dataset/localization_ground_truth_masks/log56_board6.png
log56_board7,log56,7,1916,2443,899,294,2815,2737,899,294,3.05782313,90,270,4624,3468,/home/sshirodk/Documents/Biomtrace-new/matching/spatial/ducret-autun-t2-virtual-sawn-full-similarity/seg/log56_board7.jpg,/home/sshirodk/Documents/Biomtrace-new/matching/spatial/ducret-traceability-evaluation-v18/dataset/localization_ground_truth_masks/log56_board7.png
log56_board8,log56,8,2606,1728,866,232,3472,1960,866,232,3.73275862,270,90,4624,3468,/home/sshirodk/Documents/Biomtrace-new/matching/spatial/ducret-autun-t2-virtual-sawn-full-similarity/seg/log56_board8.jpg,/home/sshirodk/Documents/Biomtrace-new/matching/spatial/ducret-traceability-evaluation-v18/dataset/localization_ground_truth_masks/log56_board8.png
log56_board9,log56,9,1893,1456,759,193,2652,1649,759,193,3.93264249,90,270,4624,3468,/home/sshirodk/Documents/Biomtrace-new/matching/spatial/ducret-autun-t2-virtual-sawn-full-similarity/seg/log56_board9.jpg,/home/sshirodk/Documents/Biomtrace-new/matching/spatial/ducret-traceability-evaluation-v18/dataset/localization_ground_truth_masks/log56_board9.png
log56_board10,log56,10,2694,2408,791,303,3485,2711,791,303,2.61056106,90,270,4624,3468,/home/sshirodk/Documents/Biomtrace-new/matching/spatial/ducret-autun-t2-virtual-sawn-full-similarity/seg/log56_board10.jpg,/home/sshirodk/Documents/Biomtrace-new/matching/spatial/ducret-traceability-evaluation-v18/dataset/localization_ground_truth_masks/log56_board10.png
log57_board1,log57,1,2424,2516,996,264,3420,2780,996,264,3.77272727,180,180,4624,3468,/home/sshirodk/Documents/Biomtrace-new/matching/spatial/ducret-autun-t2-virtual-sawn-full-similarity/seg/log57_board1.jpg,/home/sshirodk/Documents/Biomtrace-new/matching/spatial/ducret-traceability-evaluation-v18/dataset/localization_ground_truth_masks/log57_board1.png
log57_board2,log57,2,2775,1331,899,265,3674,1596,899,265,3.39245283,0,0,4624,3468,/home/sshirodk/Documents/Biomtrace-new/matching/spatial/ducret-autun-t2-virtual-sawn-full-similarity/seg/log57_board2.jpg,/home/sshirodk/Documents/Biomtrace-new/matching/spatial/ducret-traceability-evaluation-v18/dataset/localization_ground_truth_masks/log57_board2.png
log57_board3,log57,3,2870,792,343,999,3213,1791,999,343,2.91253644,270,90,4624,3468,/home/sshirodk/Documents/Biomtrace-new/matching/spatial/ducret-autun-t2-virtual-sawn-full-similarity/seg/log57_board3.jpg,/home/sshirodk/Documents/Biomtrace-new/matching/spatial/ducret-traceability-evaluation-v18/dataset/localization_ground_truth_masks/log57_board3.png
log57_board4,log57,4,2748,1427,1047,422,3795,1849,1047,422,2.48104265,180,180,4624,3468,/home/sshirodk/Documents/Biomtrace-new/matching/spatial/ducret-autun-t2-virtual-sawn-full-similarity/seg/log57_board4.jpg,/home/sshirodk/Documents/Biomtrace-new/matching/spatial/ducret-traceability-evaluation-v18/dataset/localization_ground_truth_masks/log57_board4.png
log57_board5,log57,5,2951,1622,838,308,3789,1930,838,308,2.72077922,0,0,4624,3468,/home/sshirodk/Documents/Biomtrace-new/matching/spatial/ducret-autun-t2-virtual-sawn-full-similarity/seg/log57_board5.jpg,/home/sshirodk/Documents/Biomtrace-new/matching/spatial/ducret-traceability-evaluation-v18/dataset/localization_ground_truth_masks/log57_board5.png
log57_board6,log57,6,2575,2081,1019,281,3594,2362,1019,281,3.62633452,90,270,4624,3468,/home/sshirodk/Documents/Biomtrace-new/matching/spatial/ducret-autun-t2-virtual-sawn-full-similarity/seg/log57_board6.jpg,/home/sshirodk/Documents/Biomtrace-new/matching/spatial/ducret-traceability-evaluation-v18/dataset/localization_ground_truth_masks/log57_board6.png
log57_board7,log57,7,3461,1475,233,914,3694,2389,914,233,3.92274678,270,90,4624,3468,/home/sshirodk/Documents/Biomtrace-new/matching/spatial/ducret-autun-t2-virtual-sawn-full-similarity/seg/log57_board7.jpg,/home/sshirodk/Documents/Biomtrace-new/matching/spatial/ducret-traceability-evaluation-v18/dataset/localization_ground_truth_masks/log57_board7.png
log57_board8,log57,8,2787,1856,341,829,3128,2685,829,341,2.43108504,270,90,4624,3468,/home/sshirodk/Documents/Biomtrace-new/matching/spatial/ducret-autun-t2-virtual-sawn-full-similarity/seg/log57_board8.jpg,/home/sshirodk/Documents/Biomtrace-new/matching/spatial/ducret-traceability-evaluation-v18/dataset/localization_ground_truth_masks/log57_board8.png
log57_board9,log57,9,3200,1128,389,1042,3589,2170,1042,389,2.67866324,90,270,4624,3468,/home/sshirodk/Documents/Biomtrace-new/matching/spatial/ducret-autun-t2-virtual-sawn-full-similarity/seg/log57_board9.jpg,/home/sshirodk/Documents/Biomtrace-new/matching/spatial/ducret-traceability-evaluation-v18/dataset/localization_ground_truth_masks/log57_board9.png
log57_board10,log57,10,2986,2029,1026,291,4012,2320,1026,291,3.52577320,0,0,4624,3468,/home/sshirodk/Documents/Biomtrace-new/matching/spatial/ducret-autun-t2-virtual-sawn-full-similarity/seg/log57_board10.jpg,/home/sshirodk/Documents/Biomtrace-new/matching/spatial/ducret-traceability-evaluation-v18/dataset/localization_ground_truth_masks/log57_board10.png
log58_board1,log58,1,2564,1880,220,826,2784,2706,826,220,3.75454545,0,0,4624,3468,/home/sshirodk/Documents/Biomtrace-new/matching/spatial/ducret-autun-t2-virtual-sawn-full-similarity/seg/log58_board1.jpg,/home/sshirodk/Documents/Biomtrace-new/matching/spatial/ducret-traceability-evaluation-v18/dataset/localization_ground_truth_masks/log58_board1.png
log58_board2,log58,2,2473,1615,1023,268,3496,1883,1023,268,3.81716418,180,180,4624,3468,/home/sshirodk/Documents/Biomtrace-new/matching/spatial/ducret-autun-t2-virtual-sawn-full-similarity/seg/log58_board2.jpg,/home/sshirodk/Documents/Biomtrace-new/matching/spatial/ducret-traceability-evaluation-v18/dataset/localization_ground_truth_masks/log58_board2.png
log58_board3,log58,3,2072,1483,300,1032,2372,2515,1032,300,3.44000000,180,180,4624,3468,/home/sshirodk/Documents/Biomtrace-new/matching/spatial/ducret-autun-t2-virtual-sawn-full-similarity/seg/log58_board3.jpg,/home/sshirodk/Documents/Biomtrace-new/matching/spatial/ducret-traceability-evaluation-v18/dataset/localization_ground_truth_masks/log58_board3.png
log58_board4,log58,4,2575,1654,952,418,3527,2072,952,418,2.27751196,0,0,4624,3468,/home/sshirodk/Documents/Biomtrace-new/matching/spatial/ducret-autun-t2-virtual-sawn-full-similarity/seg/log58_board4.jpg,/home/sshirodk/Documents/Biomtrace-new/matching/spatial/ducret-traceability-evaluation-v18/dataset/localization_ground_truth_masks/log58_board4.png
log58_board5,log58,5,2545,2481,900,329,3445,2810,900,329,2.73556231,270,90,4624,3468,/home/sshirodk/Documents/Biomtrace-new/matching/spatial/ducret-autun-t2-virtual-sawn-full-similarity/seg/log58_board5.jpg,/home/sshirodk/Documents/Biomtrace-new/matching/spatial/ducret-traceability-evaluation-v18/dataset/localization_ground_truth_masks/log58_board5.png
log58_board6,log58,6,2358,1131,450,984,2808,2115,984,450,2.18666667,270,90,4624,3468,/home/sshirodk/Documents/Biomtrace-new/matching/spatial/ducret-autun-t2-virtual-sawn-full-similarity/seg/log58_board6.jpg,/home/sshirodk/Documents/Biomtrace-new/matching/spatial/ducret-traceability-evaluation-v18/dataset/localization_ground_truth_masks/log58_board6.png
log58_board7,log58,7,2370,2150,882,300,3252,2450,882,300,2.94000000,90,270,4624,3468,/home/sshirodk/Documents/Biomtrace-new/matching/spatial/ducret-autun-t2-virtual-sawn-full-similarity/seg/log58_board7.jpg,/home/sshirodk/Documents/Biomtrace-new/matching/spatial/ducret-traceability-evaluation-v18/dataset/localization_ground_truth_masks/log58_board7.png
log58_board8,log58,8,2937,1682,957,448,3894,2130,957,448,2.13616071,180,180,4624,3468,/home/sshirodk/Documents/Biomtrace-new/matching/spatial/ducret-autun-t2-virtual-sawn-full-similarity/seg/log58_board8.jpg,/home/sshirodk/Documents/Biomtrace-new/matching/spatial/ducret-traceability-evaluation-v18/dataset/localization_ground_truth_masks/log58_board8.png
log58_board9,log58,9,2379,2524,832,230,3211,2754,832,230,3.61739130,270,90,4624,3468,/home/sshirodk/Documents/Biomtrace-new/matching/spatial/ducret-autun-t2-virtual-sawn-full-similarity/seg/log58_board9.jpg,/home/sshirodk/Documents/Biomtrace-new/matching/spatial/ducret-traceability-evaluation-v18/dataset/localization_ground_truth_masks/log58_board9.png
log58_board10,log58,10,3372,1635,245,879,3617,2514,879,245,3.58775510,0,0,4624,3468,/home/sshirodk/Documents/Biomtrace-new/matching/spatial/ducret-autun-t2-virtual-sawn-full-similarity/seg/log58_board10.jpg,/home/sshirodk/Documents/Biomtrace-new/matching/spatial/ducret-traceability-evaluation-v18/dataset/localization_ground_truth_masks/log58_board10.png
log59_board1,log59,1,2807,1123,278,878,3085,2001,878,278,3.15827338,90,270,4624,3468,/home/sshirodk/Documents/Biomtrace-new/matching/spatial/ducret-autun-t2-virtual-sawn-full-similarity/seg/log59_board1.jpg,/home/sshirodk/Documents/Biomtrace-new/matching/spatial/ducret-traceability-evaluation-v18/dataset/localization_ground_truth_masks/log59_board1.png
log59_board2,log59,2,2262,1958,833,373,3095,2331,833,373,2.23324397,90,270,4624,3468,/home/sshirodk/Documents/Biomtrace-new/matching/spatial/ducret-autun-t2-virtual-sawn-full-similarity/seg/log59_board2.jpg,/home/sshirodk/Documents/Biomtrace-new/matching/spatial/ducret-traceability-evaluation-v18/dataset/localization_ground_truth_masks/log59_board2.png
log59_board3,log59,3,2530,1259,741,227,3271,1486,741,227,3.26431718,180,180,4624,3468,/home/sshirodk/Documents/Biomtrace-new/matching/spatial/ducret-autun-t2-virtual-sawn-full-similarity/seg/log59_board3.jpg,/home/sshirodk/Documents/Biomtrace-new/matching/spatial/ducret-traceability-evaluation-v18/dataset/localization_ground_truth_masks/log59_board3.png
log59_board4,log59,4,2718,1322,213,743,2931,2065,743,213,3.48826291,270,90,4624,3468,/home/sshirodk/Documents/Biomtrace-new/matching/spatial/ducret-autun-t2-virtual-sawn-full-similarity/seg/log59_board4.jpg,/home/sshirodk/Documents/Biomtrace-new/matching/spatial/ducret-traceability-evaluation-v18/dataset/localization_ground_truth_masks/log59_board4.png
log59_board5,log59,5,2683,2233,848,215,3531,2448,848,215,3.94418605,270,90,4624,3468,/home/sshirodk/Documents/Biomtrace-new/matching/spatial/ducret-autun-t2-virtual-sawn-full-similarity/seg/log59_board5.jpg,/home/sshirodk/Documents/Biomtrace-new/matching/spatial/ducret-traceability-evaluation-v18/dataset/localization_ground_truth_masks/log59_board5.png
log59_board6,log59,6,3099,1478,352,810,3451,2288,810,352,2.30113636,270,90,4624,3468,/home/sshirodk/Documents/Biomtrace-new/matching/spatial/ducret-autun-t2-virtual-sawn-full-similarity/seg/log59_board6.jpg,/home/sshirodk/Documents/Biomtrace-new/matching/spatial/ducret-traceability-evaluation-v18/dataset/localization_ground_truth_masks/log59_board6.png
log59_board7,log59,7,3091,1628,257,778,3348,2406,778,257,3.02723735,270,90,4624,3468,/home/sshirodk/Documents/Biomtrace-new/matching/spatial/ducret-autun-t2-virtual-sawn-full-similarity/seg/log59_board7.jpg,/home/sshirodk/Documents/Biomtrace-new/matching/spatial/ducret-traceability-evaluation-v18/dataset/localization_ground_truth_masks/log59_board7.png
log59_board8,log59,8,2115,2169,868,324,2983,2493,868,324,2.67901235,0,0,4624,3468,/home/sshirodk/Documents/Biomtrace-new/matching/spatial/ducret-autun-t2-virtual-sawn-full-similarity/seg/log59_board8.jpg,/home/sshirodk/Documents/Biomtrace-new/matching/spatial/ducret-traceability-evaluation-v18/dataset/localization_ground_truth_masks/log59_board8.png
log59_board9,log59,9,2593,1610,925,402,3518,2012,925,402,2.30099502,270,90,4624,3468,/home/sshirodk/Documents/Biomtrace-new/matching/spatial/ducret-autun-t2-virtual-sawn-full-similarity/seg/log59_board9.jpg,/home/sshirodk/Documents/Biomtrace-new/matching/spatial/ducret-traceability-evaluation-v18/dataset/localization_ground_truth_masks/log59_board9.png
log59_board10,log59,10,2105,1435,452,921,2557,2356,921,452,2.03761062,180,180,4624,3468,/home/sshirodk/Documents/Biomtrace-new/matching/spatial/ducret-autun-t2-virtual-sawn-full-similarity/seg/log59_board10.jpg,/home/sshirodk/Documents/Biomtrace-new/matching/spatial/ducret-traceability-evaluation-v18/dataset/localization_ground_truth_masks/log59_board10.png
log60_board1,log60,1,2102,2146,666,201,2768,2347,666,201,3.31343284,180,180,4624,3468,/home/sshirodk/Documents/Biomtrace-new/matching/spatial/ducret-autun-t2-virtual-sawn-full-similarity/seg/log60_board1.jpg,/home/sshirodk/Documents/Biomtrace-new/matching/spatial/ducret-traceability-evaluation-v18/dataset/localization_ground_truth_masks/log60_board1.png
log60_board2,log60,2,2335,1817,767,276,3102,2093,767,276,2.77898551,270,90,4624,3468,/home/sshirodk/Documents/Biomtrace-new/matching/spatial/ducret-autun-t2-virtual-sawn-full-similarity/seg/log60_board2.jpg,/home/sshirodk/Documents/Biomtrace-new/matching/spatial/ducret-traceability-evaluation-v18/dataset/localization_ground_truth_masks/log60_board2.png
log60_board3,log60,3,1954,1371,386,854,2340,2225,854,386,2.21243523,270,90,4624,3468,/home/sshirodk/Documents/Biomtrace-new/matching/spatial/ducret-autun-t2-virtual-sawn-full-similarity/seg/log60_board3.jpg,/home/sshirodk/Documents/Biomtrace-new/matching/spatial/ducret-traceability-evaluation-v18/dataset/localization_ground_truth_masks/log60_board3.png
log60_board4,log60,4,2749,2257,780,204,3529,2461,780,204,3.82352941,180,180,4624,3468,/home/sshirodk/Documents/Biomtrace-new/matching/spatial/ducret-autun-t2-virtual-sawn-full-similarity/seg/log60_board4.jpg,/home/sshirodk/Documents/Biomtrace-new/matching/spatial/ducret-traceability-evaluation-v18/dataset/localization_ground_truth_masks/log60_board4.png
log60_board5,log60,5,2139,1337,727,257,2866,1594,727,257,2.82879377,90,270,4624,3468,/home/sshirodk/Documents/Biomtrace-new/matching/spatial/ducret-autun-t2-virtual-sawn-full-similarity/seg/log60_board5.jpg,/home/sshirodk/Documents/Biomtrace-new/matching/spatial/ducret-traceability-evaluation-v18/dataset/localization_ground_truth_masks/log60_board5.png
log60_board6,log60,6,2290,2070,855,258,3145,2328,855,258,3.31395349,180,180,4624,3468,/home/sshirodk/Documents/Biomtrace-new/matching/spatial/ducret-autun-t2-virtual-sawn-full-similarity/seg/log60_board6.jpg,/home/sshirodk/Documents/Biomtrace-new/matching/spatial/ducret-traceability-evaluation-v18/dataset/localization_ground_truth_masks/log60_board6.png
log60_board7,log60,7,3208,1385,230,769,3438,2154,769,230,3.34347826,90,270,4624,3468,/home/sshirodk/Documents/Biomtrace-new/matching/spatial/ducret-autun-t2-virtual-sawn-full-similarity/seg/log60_board7.jpg,/home/sshirodk/Documents/Biomtrace-new/matching/spatial/ducret-traceability-evaluation-v18/dataset/localization_ground_truth_masks/log60_board7.png
log60_board8,log60,8,2678,1190,257,681,2935,1871,681,257,2.64980545,270,90,4624,3468,/home/sshirodk/Documents/Biomtrace-new/matching/spatial/ducret-autun-t2-virtual-sawn-full-similarity/seg/log60_board8.jpg,/home/sshirodk/Documents/Biomtrace-new/matching/spatial/ducret-traceability-evaluation-v18/dataset/localization_ground_truth_masks/log60_board8.png
log60_board9,log60,9,2678,1541,180,719,2858,2260,719,180,3.99444444,180,180,4624,3468,/home/sshirodk/Documents/Biomtrace-new/matching/spatial/ducret-autun-t2-virtual-sawn-full-similarity/seg/log60_board9.jpg,/home/sshirodk/Documents/Biomtrace-new/matching/spatial/ducret-traceability-evaluation-v18/dataset/localization_ground_truth_masks/log60_board9.png
log60_board10,log60,10,3228,1732,243,743,3471,2475,743,243,3.05761317,90,270,4624,3468,/home/sshirodk/Documents/Biomtrace-new/matching/spatial/ducret-autun-t2-virtual-sawn-full-similarity/seg/log60_board10.jpg,/home/sshirodk/Documents/Biomtrace-new/matching/spatial/ducret-traceability-evaluation-v18/dataset/localization_ground_truth_masks/log60_board10.png
log61_board1,log61,1,2736,1691,374,997,3110,2688,997,374,2.66577540,90,270,4624,3468,/home/sshirodk/Documents/Biomtrace-new/matching/spatial/ducret-autun-t2-virtual-sawn-full-similarity/seg/log61_board1.jpg,/home/sshirodk/Documents/Biomtrace-new/matching/spatial/ducret-traceability-evaluation-v18/dataset/localization_ground_truth_masks/log61_board1.png
log61_board2,log61,2,3266,1559,308,1098,3574,2657,1098,308,3.56493506,0,0,4624,3468,/home/sshirodk/Documents/Biomtrace-new/matching/spatial/ducret-autun-t2-virtual-sawn-full-similarity/seg/log61_board2.jpg,/home/sshirodk/Documents/Biomtrace-new/matching/spatial/ducret-traceability-evaluation-v18/dataset/localization_ground_truth_masks/log61_board2.png
log61_board3,log61,3,2372,1633,458,952,2830,2585,952,458,2.07860262,90,270,4624,3468,/home/sshirodk/Documents/Biomtrace-new/matching/spatial/ducret-autun-t2-virtual-sawn-full-similarity/seg/log61_board3.jpg,/home/sshirodk/Documents/Biomtrace-new/matching/spatial/ducret-traceability-evaluation-v18/dataset/localization_ground_truth_masks/log61_board3.png
log61_board4,log61,4,2251,1914,1019,320,3270,2234,1019,320,3.18437500,90,270,4624,3468,/home/sshirodk/Documents/Biomtrace-new/matching/spatial/ducret-autun-t2-virtual-sawn-full-similarity/seg/log61_board4.jpg,/home/sshirodk/Documents/Biomtrace-new/matching/spatial/ducret-traceability-evaluation-v18/dataset/localization_ground_truth_masks/log61_board4.png
log61_board5,log61,5,2328,1613,478,991,2806,2604,991,478,2.07322176,0,0,4624,3468,/home/sshirodk/Documents/Biomtrace-new/matching/spatial/ducret-autun-t2-virtual-sawn-full-similarity/seg/log61_board5.jpg,/home/sshirodk/Documents/Biomtrace-new/matching/spatial/ducret-traceability-evaluation-v18/dataset/localization_ground_truth_masks/log61_board5.png
log61_board6,log61,6,2404,2348,889,300,3293,2648,889,300,2.96333333,0,0,4624,3468,/home/sshirodk/Documents/Biomtrace-new/matching/spatial/ducret-autun-t2-virtual-sawn-full-similarity/seg/log61_board6.jpg,/home/sshirodk/Documents/Biomtrace-new/matching/spatial/ducret-traceability-evaluation-v18/dataset/localization_ground_truth_masks/log61_board6.png
log61_board7,log61,7,3344,1685,273,1081,3617,2766,1081,273,3.95970696,90,270,4624,3468,/home/sshirodk/Documents/Biomtrace-new/matching/spatial/ducret-autun-t2-virtual-sawn-full-similarity/seg/log61_board7.jpg,/home/sshirodk/Documents/Biomtrace-new/matching/spatial/ducret-traceability-evaluation-v18/dataset/localization_ground_truth_masks/log61_board7.png
log61_board8,log61,8,2355,1647,331,1013,2686,2660,1013,331,3.06042296,270,90,4624,3468,/home/sshirodk/Documents/Biomtrace-new/matching/spatial/ducret-autun-t2-virtual-sawn-full-similarity/seg/log61_board8.jpg,/home/sshirodk/Documents/Biomtrace-new/matching/spatial/ducret-traceability-evaluation-v18/dataset/localization_ground_truth_masks/log61_board8.png
log61_board9,log61,9,2765,1752,542,1130,3307,2882,1130,542,2.08487085,270,90,4624,3468,/home/sshirodk/Documents/Biomtrace-new/matching/spatial/ducret-autun-t2-virtual-sawn-full-similarity/seg/log61_board9.jpg,/home/sshirodk/Documents/Biomtrace-new/matching/spatial/ducret-traceability-evaluation-v18/dataset/localization_ground_truth_masks/log61_board9.png
log61_board10,log61,10,2260,1592,1139,314,3399,1906,1139,314,3.62738854,90,270,4624,3468,/home/sshirodk/Documents/Biomtrace-new/matching/spatial/ducret-autun-t2-virtual-sawn-full-similarity/seg/log61_board10.jpg,/home/sshirodk/Documents/Biomtrace-new/matching/spatial/ducret-traceability-evaluation-v18/dataset/localization_ground_truth_masks/log61_board10.png
log62_board1,log62,1,1848,1814,908,404,2756,2218,908,404,2.24752475,180,180,4624,3468,/home/sshirodk/Documents/Biomtrace-new/matching/spatial/ducret-autun-t2-virtual-sawn-full-similarity/seg/log62_board1.jpg,/home/sshirodk/Documents/Biomtrace-new/matching/spatial/ducret-traceability-evaluation-v18/dataset/localization_ground_truth_masks/log62_board1.png
log62_board2,log62,2,2683,1271,958,248,3641,1519,958,248,3.86290323,270,90,4624,3468,/home/sshirodk/Documents/Biomtrace-new/matching/spatial/ducret-autun-t2-virtual-sawn-full-similarity/seg/log62_board2.jpg,/home/sshirodk/Documents/Biomtrace-new/matching/spatial/ducret-traceability-evaluation-v18/dataset/localization_ground_truth_masks/log62_board2.png
log62_board3,log62,3,1422,1724,975,265,2397,1989,975,265,3.67924528,270,90,4624,3468,/home/sshirodk/Documents/Biomtrace-new/matching/spatial/ducret-autun-t2-virtual-sawn-full-similarity/seg/log62_board3.jpg,/home/sshirodk/Documents/Biomtrace-new/matching/spatial/ducret-traceability-evaluation-v18/dataset/localization_ground_truth_masks/log62_board3.png
log62_board4,log62,4,1803,2292,924,238,2727,2530,924,238,3.88235294,180,180,4624,3468,/home/sshirodk/Documents/Biomtrace-new/matching/spatial/ducret-autun-t2-virtual-sawn-full-similarity/seg/log62_board4.jpg,/home/sshirodk/Documents/Biomtrace-new/matching/spatial/ducret-traceability-evaluation-v18/dataset/localization_ground_truth_masks/log62_board4.png
log62_board5,log62,5,1831,614,291,1020,2122,1634,1020,291,3.50515464,90,270,4624,3468,/home/sshirodk/Documents/Biomtrace-new/matching/spatial/ducret-autun-t2-virtual-sawn-full-similarity/seg/log62_board5.jpg,/home/sshirodk/Documents/Biomtrace-new/matching/spatial/ducret-traceability-evaluation-v18/dataset/localization_ground_truth_masks/log62_board5.png
log62_board6,log62,6,3195,1227,370,949,3565,2176,949,370,2.56486486,90,270,4624,3468,/home/sshirodk/Documents/Biomtrace-new/matching/spatial/ducret-autun-t2-virtual-sawn-full-similarity/seg/log62_board6.jpg,/home/sshirodk/Documents/Biomtrace-new/matching/spatial/ducret-traceability-evaluation-v18/dataset/localization_ground_truth_masks/log62_board6.png
log62_board7,log62,7,1700,1035,271,1017,1971,2052,1017,271,3.75276753,90,270,4624,3468,/home/sshirodk/Documents/Biomtrace-new/matching/spatial/ducret-autun-t2-virtual-sawn-full-similarity/seg/log62_board7.jpg,/home/sshirodk/Documents/Biomtrace-new/matching/spatial/ducret-traceability-evaluation-v18/dataset/localization_ground_truth_masks/log62_board7.png
log62_board8,log62,8,2335,1322,1110,446,3445,1768,1110,446,2.48878924,90,270,4624,3468,/home/sshirodk/Documents/Biomtrace-new/matching/spatial/ducret-autun-t2-virtual-sawn-full-similarity/seg/log62_board8.jpg,/home/sshirodk/Documents/Biomtrace-new/matching/spatial/ducret-traceability-evaluation-v18/dataset/localization_ground_truth_masks/log62_board8.png
log62_board9,log62,9,2046,1279,918,289,2964,1568,918,289,3.17647059,270,90,4624,3468,/home/sshirodk/Documents/Biomtrace-new/matching/spatial/ducret-autun-t2-virtual-sawn-full-similarity/seg/log62_board9.jpg,/home/sshirodk/Documents/Biomtrace-new/matching/spatial/ducret-traceability-evaluation-v18/dataset/localization_ground_truth_masks/log62_board9.png
log62_board10,log62,10,2927,1689,905,246,3832,1935,905,246,3.67886179,0,0,4624,3468,/home/sshirodk/Documents/Biomtrace-new/matching/spatial/ducret-autun-t2-virtual-sawn-full-similarity/seg/log62_board10.jpg,/home/sshirodk/Documents/Biomtrace-new/matching/spatial/ducret-traceability-evaluation-v18/dataset/localization_ground_truth_masks/log62_board10.png
log63_board1,log63,1,2630,2110,208,720,2838,2830,720,208,3.46153846,90,270,4624,3468,/home/sshirodk/Documents/Biomtrace-new/matching/spatial/ducret-autun-t2-virtual-sawn-full-similarity/seg/log63_board1.jpg,/home/sshirodk/Documents/Biomtrace-new/matching/spatial/ducret-traceability-evaluation-v18/dataset/localization_ground_truth_masks/log63_board1.png
log63_board2,log63,2,2079,1819,813,216,2892,2035,813,216,3.76388889,270,90,4624,3468,/home/sshirodk/Documents/Biomtrace-new/matching/spatial/ducret-autun-t2-virtual-sawn-full-similarity/seg/log63_board2.jpg,/home/sshirodk/Documents/Biomtrace-new/matching/spatial/ducret-traceability-evaluation-v18/dataset/localization_ground_truth_masks/log63_board2.png
log63_board3,log63,3,2295,2134,726,297,3021,2431,726,297,2.44444444,0,0,4624,3468,/home/sshirodk/Documents/Biomtrace-new/matching/spatial/ducret-autun-t2-virtual-sawn-full-similarity/seg/log63_board3.jpg,/home/sshirodk/Documents/Biomtrace-new/matching/spatial/ducret-traceability-evaluation-v18/dataset/localization_ground_truth_masks/log63_board3.png
log63_board4,log63,4,2588,2500,770,205,3358,2705,770,205,3.75609756,0,0,4624,3468,/home/sshirodk/Documents/Biomtrace-new/matching/spatial/ducret-autun-t2-virtual-sawn-full-similarity/seg/log63_board4.jpg,/home/sshirodk/Documents/Biomtrace-new/matching/spatial/ducret-traceability-evaluation-v18/dataset/localization_ground_truth_masks/log63_board4.png
log63_board5,log63,5,2896,1606,206,698,3102,2304,698,206,3.38834951,90,270,4624,3468,/home/sshirodk/Documents/Biomtrace-new/matching/spatial/ducret-autun-t2-virtual-sawn-full-similarity/seg/log63_board5.jpg,/home/sshirodk/Documents/Biomtrace-new/matching/spatial/ducret-traceability-evaluation-v18/dataset/localization_ground_truth_masks/log63_board5.png
log63_board6,log63,6,2219,1470,372,851,2591,2321,851,372,2.28763441,0,0,4624,3468,/home/sshirodk/Documents/Biomtrace-new/matching/spatial/ducret-autun-t2-virtual-sawn-full-similarity/seg/log63_board6.jpg,/home/sshirodk/Documents/Biomtrace-new/matching/spatial/ducret-traceability-evaluation-v18/dataset/localization_ground_truth_masks/log63_board6.png
log63_board7,log63,7,2269,1822,383,910,2652,2732,910,383,2.37597911,90,270,4624,3468,/home/sshirodk/Documents/Biomtrace-new/matching/spatial/ducret-autun-t2-virtual-sawn-full-similarity/seg/log63_board7.jpg,/home/sshirodk/Documents/Biomtrace-new/matching/spatial/ducret-traceability-evaluation-v18/dataset/localization_ground_truth_masks/log63_board7.png
log63_board8,log63,8,2544,1299,706,216,3250,1515,706,216,3.26851852,180,180,4624,3468,/home/sshirodk/Documents/Biomtrace-new/matching/spatial/ducret-autun-t2-virtual-sawn-full-similarity/seg/log63_board8.jpg,/home/sshirodk/Documents/Biomtrace-new/matching/spatial/ducret-traceability-evaluation-v18/dataset/localization_ground_truth_masks/log63_board8.png
log63_board9,log63,9,2358,2032,367,752,2725,2784,752,367,2.04904632,90,270,4624,3468,/home/sshirodk/Documents/Biomtrace-new/matching/spatial/ducret-autun-t2-virtual-sawn-full-similarity/seg/log63_board9.jpg,/home/sshirodk/Documents/Biomtrace-new/matching/spatial/ducret-traceability-evaluation-v18/dataset/localization_ground_truth_masks/log63_board9.png
log63_board10,log63,10,2378,2384,869,269,3247,2653,869,269,3.23048327,0,0,4624,3468,/home/sshirodk/Documents/Biomtrace-new/matching/spatial/ducret-autun-t2-virtual-sawn-full-similarity/seg/log63_board10.jpg,/home/sshirodk/Documents/Biomtrace-new/matching/spatial/ducret-traceability-evaluation-v18/dataset/localization_ground_truth_masks/log63_board10.png
log64_board1,log64,1,1671,1329,713,183,2384,1512,713,183,3.89617486,180,180,4624,3468,/home/sshirodk/Documents/Biomtrace-new/matching/spatial/ducret-autun-t2-virtual-sawn-full-similarity/seg/log64_board1.jpg,/home/sshirodk/Documents/Biomtrace-new/matching/spatial/ducret-traceability-evaluation-v18/dataset/localization_ground_truth_masks/log64_board1.png
log64_board2,log64,2,1851,953,197,754,2048,1707,754,197,3.82741117,0,0,4624,3468,/home/sshirodk/Documents/Biomtrace-new/matching/spatial/ducret-autun-t2-virtual-sawn-full-similarity/seg/log64_board2.jpg,/home/sshirodk/Documents/Biomtrace-new/matching/spatial/ducret-traceability-evaluation-v18/dataset/localization_ground_truth_masks/log64_board2.png
log64_board3,log64,3,1867,956,230,915,2097,1871,915,230,3.97826087,90,270,4624,3468,/home/sshirodk/Documents/Biomtrace-new/matching/spatial/ducret-autun-t2-virtual-sawn-full-similarity/seg/log64_board3.jpg,/home/sshirodk/Documents/Biomtrace-new/matching/spatial/ducret-traceability-evaluation-v18/dataset/localization_ground_truth_masks/log64_board3.png
log64_board4,log64,4,2261,2237,737,248,2998,2485,737,248,2.97177419,0,0,4624,3468,/home/sshirodk/Documents/Biomtrace-new/matching/spatial/ducret-autun-t2-virtual-sawn-full-similarity/seg/log64_board4.jpg,/home/sshirodk/Documents/Biomtrace-new/matching/spatial/ducret-traceability-evaluation-v18/dataset/localization_ground_truth_masks/log64_board4.png
log64_board5,log64,5,1536,1397,721,223,2257,1620,721,223,3.23318386,180,180,4624,3468,/home/sshirodk/Documents/Biomtrace-new/matching/spatial/ducret-autun-t2-virtual-sawn-full-similarity/seg/log64_board5.jpg,/home/sshirodk/Documents/Biomtrace-new/matching/spatial/ducret-traceability-evaluation-v18/dataset/localization_ground_truth_masks/log64_board5.png
log64_board6,log64,6,2564,1870,274,721,2838,2591,721,274,2.63138686,270,90,4624,3468,/home/sshirodk/Documents/Biomtrace-new/matching/spatial/ducret-autun-t2-virtual-sawn-full-similarity/seg/log64_board6.jpg,/home/sshirodk/Documents/Biomtrace-new/matching/spatial/ducret-traceability-evaluation-v18/dataset/localization_ground_truth_masks/log64_board6.png
log64_board7,log64,7,2265,1483,721,233,2986,1716,721,233,3.09442060,90,270,4624,3468,/home/sshirodk/Documents/Biomtrace-new/matching/spatial/ducret-autun-t2-virtual-sawn-full-similarity/seg/log64_board7.jpg,/home/sshirodk/Documents/Biomtrace-new/matching/spatial/ducret-traceability-evaluation-v18/dataset/localization_ground_truth_masks/log64_board7.png
log64_board8,log64,8,2172,1422,886,307,3058,1729,886,307,2.88599349,180,180,4624,3468,/home/sshirodk/Documents/Biomtrace-new/matching/spatial/ducret-autun-t2-virtual-sawn-full-similarity/seg/log64_board8.jpg,/home/sshirodk/Documents/Biomtrace-new/matching/spatial/ducret-traceability-evaluation-v18/dataset/localization_ground_truth_masks/log64_board8.png
log64_board9,log64,9,2672,1309,347,709,3019,2018,709,347,2.04322767,180,180,4624,3468,/home/sshirodk/Documents/Biomtrace-new/matching/spatial/ducret-autun-t2-virtual-sawn-full-similarity/seg/log64_board9.jpg,/home/sshirodk/Documents/Biomtrace-new/matching/spatial/ducret-traceability-evaluation-v18/dataset/localization_ground_truth_masks/log64_board9.png
log64_board10,log64,10,2152,1456,371,766,2523,2222,766,371,2.06469003,270,90,4624,3468,/home/sshirodk/Documents/Biomtrace-new/matching/spatial/ducret-autun-t2-virtual-sawn-full-similarity/seg/log64_board10.jpg,/home/sshirodk/Documents/Biomtrace-new/matching/spatial/ducret-traceability-evaluation-v18/dataset/localization_ground_truth_masks/log64_board10.png
log65_board1,log65,1,2206,1723,1129,298,3335,2021,1129,298,3.78859060,90,270,4624,3468,/home/sshirodk/Documents/Biomtrace-new/matching/spatial/ducret-autun-t2-virtual-sawn-full-similarity/seg/log65_board1.jpg,/home/sshirodk/Documents/Biomtrace-new/matching/spatial/ducret-traceability-evaluation-v18/dataset/localization_ground_truth_masks/log65_board1.png
log65_board2,log65,2,1236,1863,1220,329,2456,2192,1220,329,3.70820669,0,0,4624,3468,/home/sshirodk/Documents/Biomtrace-new/matching/spatial/ducret-autun-t2-virtual-sawn-full-similarity/seg/log65_board2.jpg,/home/sshirodk/Documents/Biomtrace-new/matching/spatial/ducret-traceability-evaluation-v18/dataset/localization_ground_truth_masks/log65_board2.png
log65_board3,log65,3,2278,1256,505,1159,2783,2415,1159,505,2.29504950,90,270,4624,3468,/home/sshirodk/Documents/Biomtrace-new/matching/spatial/ducret-autun-t2-virtual-sawn-full-similarity/seg/log65_board3.jpg,/home/sshirodk/Documents/Biomtrace-new/matching/spatial/ducret-traceability-evaluation-v18/dataset/localization_ground_truth_masks/log65_board3.png
log65_board4,log65,4,2374,1587,462,990,2836,2577,990,462,2.14285714,0,0,4624,3468,/home/sshirodk/Documents/Biomtrace-new/matching/spatial/ducret-autun-t2-virtual-sawn-full-similarity/seg/log65_board4.jpg,/home/sshirodk/Documents/Biomtrace-new/matching/spatial/ducret-traceability-evaluation-v18/dataset/localization_ground_truth_masks/log65_board4.png
log65_board5,log65,5,1904,1673,1098,443,3002,2116,1098,443,2.47855530,0,0,4624,3468,/home/sshirodk/Documents/Biomtrace-new/matching/spatial/ducret-autun-t2-virtual-sawn-full-similarity/seg/log65_board5.jpg,/home/sshirodk/Documents/Biomtrace-new/matching/spatial/ducret-traceability-evaluation-v18/dataset/localization_ground_truth_masks/log65_board5.png
log65_board6,log65,6,2530,1507,376,1091,2906,2598,1091,376,2.90159574,90,270,4624,3468,/home/sshirodk/Documents/Biomtrace-new/matching/spatial/ducret-autun-t2-virtual-sawn-full-similarity/seg/log65_board6.jpg,/home/sshirodk/Documents/Biomtrace-new/matching/spatial/ducret-traceability-evaluation-v18/dataset/localization_ground_truth_masks/log65_board6.png
log65_board7,log65,7,2502,1876,1124,308,3626,2184,1124,308,3.64935065,90,270,4624,3468,/home/sshirodk/Documents/Biomtrace-new/matching/spatial/ducret-autun-t2-virtual-sawn-full-similarity/seg/log65_board7.jpg,/home/sshirodk/Documents/Biomtrace-new/matching/spatial/ducret-traceability-evaluation-v18/dataset/localization_ground_truth_masks/log65_board7.png
log65_board8,log65,8,1456,1217,380,1094,1836,2311,1094,380,2.87894737,0,0,4624,3468,/home/sshirodk/Documents/Biomtrace-new/matching/spatial/ducret-autun-t2-virtual-sawn-full-similarity/seg/log65_board8.jpg,/home/sshirodk/Documents/Biomtrace-new/matching/spatial/ducret-traceability-evaluation-v18/dataset/localization_ground_truth_masks/log65_board8.png
log65_board9,log65,9,1841,1162,446,1068,2287,2230,1068,446,2.39461883,180,180,4624,3468,/home/sshirodk/Documents/Biomtrace-new/matching/spatial/ducret-autun-t2-virtual-sawn-full-similarity/seg/log65_board9.jpg,/home/sshirodk/Documents/Biomtrace-new/matching/spatial/ducret-traceability-evaluation-v18/dataset/localization_ground_truth_masks/log65_board9.png
log65_board10,log65,10,1637,858,349,1057,1986,1915,1057,349,3.02865330,270,90,4624,3468,/home/sshirodk/Documents/Biomtrace-new/matching/spatial/ducret-autun-t2-virtual-sawn-full-similarity/seg/log65_board10.jpg,/home/sshirodk/Documents/Biomtrace-new/matching/spatial/ducret-traceability-evaluation-v18/dataset/localization_ground_truth_masks/log65_board10.png
log69_board1,log69,1,1640,929,355,935,1995,1864,935,355,2.63380282,0,0,4624,3468,/home/sshirodk/Documents/Biomtrace-new/matching/spatial/ducret-autun-t2-virtual-sawn-full-similarity/seg/log69_board1.jpg,/home/sshirodk/Documents/Biomtrace-new/matching/spatial/ducret-traceability-evaluation-v18/dataset/localization_ground_truth_masks/log69_board1.png
log69_board2,log69,2,2431,1185,299,817,2730,2002,817,299,2.73244147,180,180,4624,3468,/home/sshirodk/Documents/Biomtrace-new/matching/spatial/ducret-autun-t2-virtual-sawn-full-similarity/seg/log69_board2.jpg,/home/sshirodk/Documents/Biomtrace-new/matching/spatial/ducret-traceability-evaluation-v18/dataset/localization_ground_truth_masks/log69_board2.png
log69_board3,log69,3,2221,615,289,851,2510,1466,851,289,2.94463668,180,180,4624,3468,/home/sshirodk/Documents/Biomtrace-new/matching/spatial/ducret-autun-t2-virtual-sawn-full-similarity/seg/log69_board3.jpg,/home/sshirodk/Documents/Biomtrace-new/matching/spatial/ducret-traceability-evaluation-v18/dataset/localization_ground_truth_masks/log69_board3.png
log69_board4,log69,4,1529,673,1022,460,2551,1133,1022,460,2.22173913,270,90,4624,3468,/home/sshirodk/Documents/Biomtrace-new/matching/spatial/ducret-autun-t2-virtual-sawn-full-similarity/seg/log69_board4.jpg,/home/sshirodk/Documents/Biomtrace-new/matching/spatial/ducret-traceability-evaluation-v18/dataset/localization_ground_truth_masks/log69_board4.png
log69_board5,log69,5,2091,795,323,996,2414,1791,996,323,3.08359133,180,180,4624,3468,/home/sshirodk/Documents/Biomtrace-new/matching/spatial/ducret-autun-t2-virtual-sawn-full-similarity/seg/log69_board5.jpg,/home/sshirodk/Documents/Biomtrace-new/matching/spatial/ducret-traceability-evaluation-v18/dataset/localization_ground_truth_masks/log69_board5.png
log69_board6,log69,6,2086,1582,851,253,2937,1835,851,253,3.36363636,0,0,4624,3468,/home/sshirodk/Documents/Biomtrace-new/matching/spatial/ducret-autun-t2-virtual-sawn-full-similarity/seg/log69_board6.jpg,/home/sshirodk/Documents/Biomtrace-new/matching/spatial/ducret-traceability-evaluation-v18/dataset/localization_ground_truth_masks/log69_board6.png
log69_board7,log69,7,1197,866,1017,317,2214,1183,1017,317,3.20820189,0,0,4624,3468,/home/sshirodk/Documents/Biomtrace-new/matching/spatial/ducret-autun-t2-virtual-sawn-full-similarity/seg/log69_board7.jpg,/home/sshirodk/Documents/Biomtrace-new/matching/spatial/ducret-traceability-evaluation-v18/dataset/localization_ground_truth_masks/log69_board7.png
log69_board8,log69,8,1392,765,962,398,2354,1163,962,398,2.41708543,270,90,4624,3468,/home/sshirodk/Documents/Biomtrace-new/matching/spatial/ducret-autun-t2-virtual-sawn-full-similarity/seg/log69_board8.jpg,/home/sshirodk/Documents/Biomtrace-new/matching/spatial/ducret-traceability-evaluation-v18/dataset/localization_ground_truth_masks/log69_board8.png
log69_board9,log69,9,2140,1653,775,208,2915,1861,775,208,3.72596154,90,270,4624,3468,/home/sshirodk/Documents/Biomtrace-new/matching/spatial/ducret-autun-t2-virtual-sawn-full-similarity/seg/log69_board9.jpg,/home/sshirodk/Documents/Biomtrace-new/matching/spatial/ducret-traceability-evaluation-v18/dataset/localization_ground_truth_masks/log69_board9.png
log69_board10,log69,10,1703,775,381,898,2084,1673,898,381,2.35695538,270,90,4624,3468,/home/sshirodk/Documents/Biomtrace-new/matching/spatial/ducret-autun-t2-virtual-sawn-full-similarity/seg/log69_board10.jpg,/home/sshirodk/Documents/Biomtrace-new/matching/spatial/ducret-traceability-evaluation-v18/dataset/localization_ground_truth_masks/log69_board10.png
log70_board1,log70,1,2598,1605,192,687,2790,2292,687,192,3.57812500,180,180,4624,3468,/home/sshirodk/Documents/Biomtrace-new/matching/spatial/ducret-autun-t2-virtual-sawn-full-similarity/seg/log70_board1.jpg,/home/sshirodk/Documents/Biomtrace-new/matching/spatial/ducret-traceability-evaluation-v18/dataset/localization_ground_truth_masks/log70_board1.png
log70_board2,log70,2,2380,1838,289,847,2669,2685,847,289,2.93079585,0,0,4624,3468,/home/sshirodk/Documents/Biomtrace-new/matching/spatial/ducret-autun-t2-virtual-sawn-full-similarity/seg/log70_board2.jpg,/home/sshirodk/Documents/Biomtrace-new/matching/spatial/ducret-traceability-evaluation-v18/dataset/localization_ground_truth_masks/log70_board2.png
log70_board3,log70,3,2417,1677,273,839,2690,2516,839,273,3.07326007,90,270,4624,3468,/home/sshirodk/Documents/Biomtrace-new/matching/spatial/ducret-autun-t2-virtual-sawn-full-similarity/seg/log70_board3.jpg,/home/sshirodk/Documents/Biomtrace-new/matching/spatial/ducret-traceability-evaluation-v18/dataset/localization_ground_truth_masks/log70_board3.png
log70_board4,log70,4,3070,1499,283,714,3353,2213,714,283,2.52296820,0,0,4624,3468,/home/sshirodk/Documents/Biomtrace-new/matching/spatial/ducret-autun-t2-virtual-sawn-full-similarity/seg/log70_board4.jpg,/home/sshirodk/Documents/Biomtrace-new/matching/spatial/ducret-traceability-evaluation-v18/dataset/localization_ground_truth_masks/log70_board4.png
log70_board5,log70,5,2164,2036,710,201,2874,2237,710,201,3.53233831,90,270,4624,3468,/home/sshirodk/Documents/Biomtrace-new/matching/spatial/ducret-autun-t2-virtual-sawn-full-similarity/seg/log70_board5.jpg,/home/sshirodk/Documents/Biomtrace-new/matching/spatial/ducret-traceability-evaluation-v18/dataset/localization_ground_truth_masks/log70_board5.png
log70_board6,log70,6,1969,1854,718,229,2687,2083,718,229,3.13537118,90,270,4624,3468,/home/sshirodk/Documents/Biomtrace-new/matching/spatial/ducret-autun-t2-virtual-sawn-full-similarity/seg/log70_board6.jpg,/home/sshirodk/Documents/Biomtrace-new/matching/spatial/ducret-traceability-evaluation-v18/dataset/localization_ground_truth_masks/log70_board6.png
log70_board7,log70,7,2503,2014,271,848,2774,2862,848,271,3.12915129,270,90,4624,3468,/home/sshirodk/Documents/Biomtrace-new/matching/spatial/ducret-autun-t2-virtual-sawn-full-similarity/seg/log70_board7.jpg,/home/sshirodk/Documents/Biomtrace-new/matching/spatial/ducret-traceability-evaluation-v18/dataset/localization_ground_truth_masks/log70_board7.png
log70_board8,log70,8,1902,2174,893,241,2795,2415,893,241,3.70539419,0,0,4624,3468,/home/sshirodk/Documents/Biomtrace-new/matching/spatial/ducret-autun-t2-virtual-sawn-full-similarity/seg/log70_board8.jpg,/home/sshirodk/Documents/Biomtrace-new/matching/spatial/ducret-traceability-evaluation-v18/dataset/localization_ground_truth_masks/log70_board8.png
log70_board9,log70,9,2573,2120,795,231,3368,2351,795,231,3.44155844,270,90,4624,3468,/home/sshirodk/Documents/Biomtrace-new/matching/spatial/ducret-autun-t2-virtual-sawn-full-similarity/seg/log70_board9.jpg,/home/sshirodk/Documents/Biomtrace-new/matching/spatial/ducret-traceability-evaluation-v18/dataset/localization_ground_truth_masks/log70_board9.png
log70_board10,log70,10,2544,2106,678,259,3222,2365,678,259,2.61776062,90,270,4624,3468,/home/sshirodk/Documents/Biomtrace-new/matching/spatial/ducret-autun-t2-virtual-sawn-full-similarity/seg/log70_board10.jpg,/home/sshirodk/Documents/Biomtrace-new/matching/spatial/ducret-traceability-evaluation-v18/dataset/localization_ground_truth_masks/log70_board10.png
log71_board1,log71,1,2806,2365,634,288,3440,2653,634,288,2.20138889,270,90,4624,3468,/home/sshirodk/Documents/Biomtrace-new/matching/spatial/ducret-autun-t2-virtual-sawn-full-similarity/seg/log71_board1.jpg,/home/sshirodk/Documents/Biomtrace-new/matching/spatial/ducret-traceability-evaluation-v18/dataset/localization_ground_truth_masks/log71_board1.png
log71_board2,log71,2,2337,1457,345,710,2682,2167,710,345,2.05797101,90,270,4624,3468,/home/sshirodk/Documents/Biomtrace-new/matching/spatial/ducret-autun-t2-virtual-sawn-full-similarity/seg/log71_board2.jpg,/home/sshirodk/Documents/Biomtrace-new/matching/spatial/ducret-traceability-evaluation-v18/dataset/localization_ground_truth_masks/log71_board2.png
log71_board3,log71,3,2704,952,780,281,3484,1233,780,281,2.77580071,270,90,4624,3468,/home/sshirodk/Documents/Biomtrace-new/matching/spatial/ducret-autun-t2-virtual-sawn-full-similarity/seg/log71_board3.jpg,/home/sshirodk/Documents/Biomtrace-new/matching/spatial/ducret-traceability-evaluation-v18/dataset/localization_ground_truth_masks/log71_board3.png
log71_board4,log71,4,3348,1449,304,800,3652,2249,800,304,2.63157895,180,180,4624,3468,/home/sshirodk/Documents/Biomtrace-new/matching/spatial/ducret-autun-t2-virtual-sawn-full-similarity/seg/log71_board4.jpg,/home/sshirodk/Documents/Biomtrace-new/matching/spatial/ducret-traceability-evaluation-v18/dataset/localization_ground_truth_masks/log71_board4.png
log71_board5,log71,5,2649,2055,663,176,3312,2231,663,176,3.76704545,180,180,4624,3468,/home/sshirodk/Documents/Biomtrace-new/matching/spatial/ducret-autun-t2-virtual-sawn-full-similarity/seg/log71_board5.jpg,/home/sshirodk/Documents/Biomtrace-new/matching/spatial/ducret-traceability-evaluation-v18/dataset/localization_ground_truth_masks/log71_board5.png
log71_board6,log71,6,2469,2299,701,221,3170,2520,701,221,3.17194570,90,270,4624,3468,/home/sshirodk/Documents/Biomtrace-new/matching/spatial/ducret-autun-t2-virtual-sawn-full-similarity/seg/log71_board6.jpg,/home/sshirodk/Documents/Biomtrace-new/matching/spatial/ducret-traceability-evaluation-v18/dataset/localization_ground_truth_masks/log71_board6.png
log71_board7,log71,7,2407,1289,224,693,2631,1982,693,224,3.09375000,90,270,4624,3468,/home/sshirodk/Documents/Biomtrace-new/matching/spatial/ducret-autun-t2-virtual-sawn-full-similarity/seg/log71_board7.jpg,/home/sshirodk/Documents/Biomtrace-new/matching/spatial/ducret-traceability-evaluation-v18/dataset/localization_ground_truth_masks/log71_board7.png
log71_board8,log71,8,3135,1023,306,687,3441,1710,687,306,2.24509804,180,180,4624,3468,/home/sshirodk/Documents/Biomtrace-new/matching/spatial/ducret-autun-t2-virtual-sawn-full-similarity/seg/log71_board8.jpg,/home/sshirodk/Documents/Biomtrace-new/matching/spatial/ducret-traceability-evaluation-v18/dataset/localization_ground_truth_masks/log71_board8.png
log71_board9,log71,9,2831,2061,692,184,3523,2245,692,184,3.76086957,180,180,4624,3468,/home/sshirodk/Documents/Biomtrace-new/matching/spatial/ducret-autun-t2-virtual-sawn-full-similarity/seg/log71_board9.jpg,/home/sshirodk/Documents/Biomtrace-new/matching/spatial/ducret-traceability-evaluation-v18/dataset/localization_ground_truth_masks/log71_board9.png
log71_board10,log71,10,2652,912,764,248,3416,1160,764,248,3.08064516,180,180,4624,3468,/home/sshirodk/Documents/Biomtrace-new/matching/spatial/ducret-autun-t2-virtual-sawn-full-similarity/seg/log71_board10.jpg,/home/sshirodk/Documents/Biomtrace-new/matching/spatial/ducret-traceability-evaluation-v18/dataset/localization_ground_truth_masks/log71_board10.png
log72_board1,log72,1,2337,1968,1102,417,3439,2385,1102,417,2.64268585,180,180,4624,3468,/home/sshirodk/Documents/Biomtrace-new/matching/spatial/ducret-autun-t2-virtual-sawn-full-similarity/seg/log72_board1.jpg,/home/sshirodk/Documents/Biomtrace-new/matching/spatial/ducret-traceability-evaluation-v18/dataset/localization_ground_truth_masks/log72_board1.png
log72_board2,log72,2,1867,888,1041,454,2908,1342,1041,454,2.29295154,90,270,4624,3468,/home/sshirodk/Documents/Biomtrace-new/matching/spatial/ducret-autun-t2-virtual-sawn-full-similarity/seg/log72_board2.jpg,/home/sshirodk/Documents/Biomtrace-new/matching/spatial/ducret-traceability-evaluation-v18/dataset/localization_ground_truth_masks/log72_board2.png
log72_board3,log72,3,2413,1233,291,1037,2704,2270,1037,291,3.56357388,90,270,4624,3468,/home/sshirodk/Documents/Biomtrace-new/matching/spatial/ducret-autun-t2-virtual-sawn-full-similarity/seg/log72_board3.jpg,/home/sshirodk/Documents/Biomtrace-new/matching/spatial/ducret-traceability-evaluation-v18/dataset/localization_ground_truth_masks/log72_board3.png
log72_board4,log72,4,2595,1206,870,332,3465,1538,870,332,2.62048193,180,180,4624,3468,/home/sshirodk/Documents/Biomtrace-new/matching/spatial/ducret-autun-t2-virtual-sawn-full-similarity/seg/log72_board4.jpg,/home/sshirodk/Documents/Biomtrace-new/matching/spatial/ducret-traceability-evaluation-v18/dataset/localization_ground_truth_masks/log72_board4.png
log72_board5,log72,5,2137,1248,280,878,2417,2126,878,280,3.13571429,0,0,4624,3468,/home/sshirodk/Documents/Biomtrace-new/matching/spatial/ducret-autun-t2-virtual-sawn-full-similarity/seg/log72_board5.jpg,/home/sshirodk/Documents/Biomtrace-new/matching/spatial/ducret-traceability-evaluation-v18/dataset/localization_ground_truth_masks/log72_board5.png
log72_board6,log72,6,2684,1897,898,343,3582,2240,898,343,2.61807580,270,90,4624,3468,/home/sshirodk/Documents/Biomtrace-new/matching/spatial/ducret-autun-t2-virtual-sawn-full-similarity/seg/log72_board6.jpg,/home/sshirodk/Documents/Biomtrace-new/matching/spatial/ducret-traceability-evaluation-v18/dataset/localization_ground_truth_masks/log72_board6.png
log72_board7,log72,7,2328,2201,1090,308,3418,2509,1090,308,3.53896104,90,270,4624,3468,/home/sshirodk/Documents/Biomtrace-new/matching/spatial/ducret-autun-t2-virtual-sawn-full-similarity/seg/log72_board7.jpg,/home/sshirodk/Documents/Biomtrace-new/matching/spatial/ducret-traceability-evaluation-v18/dataset/localization_ground_truth_masks/log72_board7.png
log72_board8,log72,8,1841,878,950,338,2791,1216,950,338,2.81065089,90,270,4624,3468,/home/sshirodk/Documents/Biomtrace-new/matching/spatial/ducret-autun-t2-virtual-sawn-full-similarity/seg/log72_board8.jpg,/home/sshirodk/Documents/Biomtrace-new/matching/spatial/ducret-traceability-evaluation-v18/dataset/localization_ground_truth_masks/log72_board8.png
log72_board9,log72,9,3200,1349,405,1020,3605,2369,1020,405,2.51851852,0,0,4624,3468,/home/sshirodk/Documents/Biomtrace-new/matching/spatial/ducret-autun-t2-virtual-sawn-full-similarity/seg/log72_board9.jpg,/home/sshirodk/Documents/Biomtrace-new/matching/spatial/ducret-traceability-evaluation-v18/dataset/localization_ground_truth_masks/log72_board9.png
log72_board10,log72,10,2632,2208,1055,401,3687,2609,1055,401,2.63092269,90,270,4624,3468,/home/sshirodk/Documents/Biomtrace-new/matching/spatial/ducret-autun-t2-virtual-sawn-full-similarity/seg/log72_board10.jpg,/home/sshirodk/Documents/Biomtrace-new/matching/spatial/ducret-traceability-evaluation-v18/dataset/localization_ground_truth_masks/log72_board10.png
log73_board1,log73,1,1927,1047,827,347,2754,1394,827,347,2.38328530,270,90,4624,3468,/home/sshirodk/Documents/Biomtrace-new/matching/spatial/ducret-autun-t2-virtual-sawn-full-similarity/seg/log73_board1.jpg,/home/sshirodk/Documents/Biomtrace-new/matching/spatial/ducret-traceability-evaluation-v18/dataset/localization_ground_truth_masks/log73_board1.png
log73_board2,log73,2,2034,1057,726,242,2760,1299,726,242,3.00000000,180,180,4624,3468,/home/sshirodk/Documents/Biomtrace-new/matching/spatial/ducret-autun-t2-virtual-sawn-full-similarity/seg/log73_board2.jpg,/home/sshirodk/Documents/Biomtrace-new/matching/spatial/ducret-traceability-evaluation-v18/dataset/localization_ground_truth_masks/log73_board2.png
log73_board3,log73,3,1312,1691,649,283,1961,1974,649,283,2.29328622,180,180,4624,3468,/home/sshirodk/Documents/Biomtrace-new/matching/spatial/ducret-autun-t2-virtual-sawn-full-similarity/seg/log73_board3.jpg,/home/sshirodk/Documents/Biomtrace-new/matching/spatial/ducret-traceability-evaluation-v18/dataset/localization_ground_truth_masks/log73_board3.png
log73_board4,log73,4,2781,1305,183,638,2964,1943,638,183,3.48633880,180,180,4624,3468,/home/sshirodk/Documents/Biomtrace-new/matching/spatial/ducret-autun-t2-virtual-sawn-full-similarity/seg/log73_board4.jpg,/home/sshirodk/Documents/Biomtrace-new/matching/spatial/ducret-traceability-evaluation-v18/dataset/localization_ground_truth_masks/log73_board4.png
log73_board5,log73,5,1610,1894,377,788,1987,2682,788,377,2.09018568,0,0,4624,3468,/home/sshirodk/Documents/Biomtrace-new/matching/spatial/ducret-autun-t2-virtual-sawn-full-similarity/seg/log73_board5.jpg,/home/sshirodk/Documents/Biomtrace-new/matching/spatial/ducret-traceability-evaluation-v18/dataset/localization_ground_truth_masks/log73_board5.png
log73_board6,log73,6,2277,1202,248,630,2525,1832,630,248,2.54032258,90,270,4624,3468,/home/sshirodk/Documents/Biomtrace-new/matching/spatial/ducret-autun-t2-virtual-sawn-full-similarity/seg/log73_board6.jpg,/home/sshirodk/Documents/Biomtrace-new/matching/spatial/ducret-traceability-evaluation-v18/dataset/localization_ground_truth_masks/log73_board6.png
log73_board7,log73,7,2354,1096,266,674,2620,1770,674,266,2.53383459,90,270,4624,3468,/home/sshirodk/Documents/Biomtrace-new/matching/spatial/ducret-autun-t2-virtual-sawn-full-similarity/seg/log73_board7.jpg,/home/sshirodk/Documents/Biomtrace-new/matching/spatial/ducret-traceability-evaluation-v18/dataset/localization_ground_truth_masks/log73_board7.png
log73_board8,log73,8,1180,1147,201,683,1381,1830,683,201,3.39800995,90,270,4624,3468,/home/sshirodk/Documents/Biomtrace-new/matching/spatial/ducret-autun-t2-virtual-sawn-full-similarity/seg/log73_board8.jpg,/home/sshirodk/Documents/Biomtrace-new/matching/spatial/ducret-traceability-evaluation-v18/dataset/localization_ground_truth_masks/log73_board8.png
log73_board9,log73,9,1629,2072,682,263,2311,2335,682,263,2.59315589,180,180,4624,3468,/home/sshirodk/Documents/Biomtrace-new/matching/spatial/ducret-autun-t2-virtual-sawn-full-similarity/seg/log73_board9.jpg,/home/sshirodk/Documents/Biomtrace-new/matching/spatial/ducret-traceability-evaluation-v18/dataset/localization_ground_truth_masks/log73_board9.png
log73_board10,log73,10,1460,1044,822,216,2282,1260,822,216,3.80555556,90,270,4624,3468,/home/sshirodk/Documents/Biomtrace-new/matching/spatial/ducret-autun-t2-virtual-sawn-full-similarity/seg/log73_board10.jpg,/home/sshirodk/Documents/Biomtrace-new/matching/spatial/ducret-traceability-evaluation-v18/dataset/localization_ground_truth_masks/log73_board10.png
log74_board1,log74,1,1148,1374,815,206,1963,1580,815,206,3.95631068,180,180,4624,3468,/home/sshirodk/Documents/Biomtrace-new/matching/spatial/ducret-autun-t2-virtual-sawn-full-similarity/seg/log74_board1.jpg,/home/sshirodk/Documents/Biomtrace-new/matching/spatial/ducret-traceability-evaluation-v18/dataset/localization_ground_truth_masks/log74_board1.png
log74_board2,log74,2,1572,570,294,899,1866,1469,899,294,3.05782313,90,270,4624,3468,/home/sshirodk/Documents/Biomtrace-new/matching/spatial/ducret-autun-t2-virtual-sawn-full-similarity/seg/log74_board2.jpg,/home/sshirodk/Documents/Biomtrace-new/matching/spatial/ducret-traceability-evaluation-v18/dataset/localization_ground_truth_masks/log74_board2.png
log74_board3,log74,3,1292,2107,852,251,2144,2358,852,251,3.39442231,90,270,4624,3468,/home/sshirodk/Documents/Biomtrace-new/matching/spatial/ducret-autun-t2-virtual-sawn-full-similarity/seg/log74_board3.jpg,/home/sshirodk/Documents/Biomtrace-new/matching/spatial/ducret-traceability-evaluation-v18/dataset/localization_ground_truth_masks/log74_board3.png
log74_board4,log74,4,1542,1592,1039,438,2581,2030,1039,438,2.37214612,90,270,4624,3468,/home/sshirodk/Documents/Biomtrace-new/matching/spatial/ducret-autun-t2-virtual-sawn-full-similarity/seg/log74_board4.jpg,/home/sshirodk/Documents/Biomtrace-new/matching/spatial/ducret-traceability-evaluation-v18/dataset/localization_ground_truth_masks/log74_board4.png
log74_board5,log74,5,1187,1036,800,280,1987,1316,800,280,2.85714286,270,90,4624,3468,/home/sshirodk/Documents/Biomtrace-new/matching/spatial/ducret-autun-t2-virtual-sawn-full-similarity/seg/log74_board5.jpg,/home/sshirodk/Documents/Biomtrace-new/matching/spatial/ducret-traceability-evaluation-v18/dataset/localization_ground_truth_masks/log74_board5.png
log74_board6,log74,6,1200,1090,380,1042,1580,2132,1042,380,2.74210526,180,180,4624,3468,/home/sshirodk/Documents/Biomtrace-new/matching/spatial/ducret-autun-t2-virtual-sawn-full-similarity/seg/log74_board6.jpg,/home/sshirodk/Documents/Biomtrace-new/matching/spatial/ducret-traceability-evaluation-v18/dataset/localization_ground_truth_masks/log74_board6.png
log74_board7,log74,7,1069,1201,967,272,2036,1473,967,272,3.55514706,270,90,4624,3468,/home/sshirodk/Documents/Biomtrace-new/matching/spatial/ducret-autun-t2-virtual-sawn-full-similarity/seg/log74_board7.jpg,/home/sshirodk/Documents/Biomtrace-new/matching/spatial/ducret-traceability-evaluation-v18/dataset/localization_ground_truth_masks/log74_board7.png
log74_board8,log74,8,1318,1107,859,290,2177,1397,859,290,2.96206897,180,180,4624,3468,/home/sshirodk/Documents/Biomtrace-new/matching/spatial/ducret-autun-t2-virtual-sawn-full-similarity/seg/log74_board8.jpg,/home/sshirodk/Documents/Biomtrace-new/matching/spatial/ducret-traceability-evaluation-v18/dataset/localization_ground_truth_masks/log74_board8.png
log74_board9,log74,9,1750,834,286,931,2036,1765,931,286,3.25524476,180,180,4624,3468,/home/sshirodk/Documents/Biomtrace-new/matching/spatial/ducret-autun-t2-virtual-sawn-full-similarity/seg/log74_board9.jpg,/home/sshirodk/Documents/Biomtrace-new/matching/spatial/ducret-traceability-evaluation-v18/dataset/localization_ground_truth_masks/log74_board9.png
log74_board10,log74,10,1184,1392,895,373,2079,1765,895,373,2.39946381,0,0,4624,3468,/home/sshirodk/Documents/Biomtrace-new/matching/spatial/ducret-autun-t2-virtual-sawn-full-similarity/seg/log74_board10.jpg,/home/sshirodk/Documents/Biomtrace-new/matching/spatial/ducret-traceability-evaluation-v18/dataset/localization_ground_truth_masks/log74_board10.png
log75_board1,log75,1,3088,768,234,878,3322,1646,878,234,3.75213675,180,180,4624,3468,/home/sshirodk/Documents/Biomtrace-new/matching/spatial/ducret-autun-t2-virtual-sawn-full-similarity/seg/log75_board1.jpg,/home/sshirodk/Documents/Biomtrace-new/matching/spatial/ducret-traceability-evaluation-v18/dataset/localization_ground_truth_masks/log75_board1.png
log75_board2,log75,2,2709,1816,843,268,3552,2084,843,268,3.14552239,90,270,4624,3468,/home/sshirodk/Documents/Biomtrace-new/matching/spatial/ducret-autun-t2-virtual-sawn-full-similarity/seg/log75_board2.jpg,/home/sshirodk/Documents/Biomtrace-new/matching/spatial/ducret-traceability-evaluation-v18/dataset/localization_ground_truth_masks/log75_board2.png
log75_board3,log75,3,2818,2171,843,323,3661,2494,843,323,2.60990712,90,270,4624,3468,/home/sshirodk/Documents/Biomtrace-new/matching/spatial/ducret-autun-t2-virtual-sawn-full-similarity/seg/log75_board3.jpg,/home/sshirodk/Documents/Biomtrace-new/matching/spatial/ducret-traceability-evaluation-v18/dataset/localization_ground_truth_masks/log75_board3.png
log75_board4,log75,4,2529,1991,321,872,2850,2863,872,321,2.71651090,180,180,4624,3468,/home/sshirodk/Documents/Biomtrace-new/matching/spatial/ducret-autun-t2-virtual-sawn-full-similarity/seg/log75_board4.jpg,/home/sshirodk/Documents/Biomtrace-new/matching/spatial/ducret-traceability-evaluation-v18/dataset/localization_ground_truth_masks/log75_board4.png
log75_board5,log75,5,2584,1649,377,804,2961,2453,804,377,2.13262599,90,270,4624,3468,/home/sshirodk/Documents/Biomtrace-new/matching/spatial/ducret-autun-t2-virtual-sawn-full-similarity/seg/log75_board5.jpg,/home/sshirodk/Documents/Biomtrace-new/matching/spatial/ducret-traceability-evaluation-v18/dataset/localization_ground_truth_masks/log75_board5.png
log75_board6,log75,6,2648,1214,236,727,2884,1941,727,236,3.08050847,180,180,4624,3468,/home/sshirodk/Documents/Biomtrace-new/matching/spatial/ducret-autun-t2-virtual-sawn-full-similarity/seg/log75_board6.jpg,/home/sshirodk/Documents/Biomtrace-new/matching/spatial/ducret-traceability-evaluation-v18/dataset/localization_ground_truth_masks/log75_board6.png
log75_board7,log75,7,3171,1178,242,753,3413,1931,753,242,3.11157025,0,0,4624,3468,/home/sshirodk/Documents/Biomtrace-new/matching/spatial/ducret-autun-t2-virtual-sawn-full-similarity/seg/log75_board7.jpg,/home/sshirodk/Documents/Biomtrace-new/matching/spatial/ducret-traceability-evaluation-v18/dataset/localization_ground_truth_masks/log75_board7.png
log75_board8,log75,8,2560,1439,713,286,3273,1725,713,286,2.49300699,90,270,4624,3468,/home/sshirodk/Documents/Biomtrace-new/matching/spatial/ducret-autun-t2-virtual-sawn-full-similarity/seg/log75_board8.jpg,/home/sshirodk/Documents/Biomtrace-new/matching/spatial/ducret-traceability-evaluation-v18/dataset/localization_ground_truth_masks/log75_board8.png
log75_board9,log75,9,2922,1650,190,701,3112,2351,701,190,3.68947368,180,180,4624,3468,/home/sshirodk/Documents/Biomtrace-new/matching/spatial/ducret-autun-t2-virtual-sawn-full-similarity/seg/log75_board9.jpg,/home/sshirodk/Documents/Biomtrace-new/matching/spatial/ducret-traceability-evaluation-v18/dataset/localization_ground_truth_masks/log75_board9.png
log75_board10,log75,10,2818,1113,761,248,3579,1361,761,248,3.06854839,270,90,4624,3468,/home/sshirodk/Documents/Biomtrace-new/matching/spatial/ducret-autun-t2-virtual-sawn-full-similarity/seg/log75_board10.jpg,/home/sshirodk/Documents/Biomtrace-new/matching/spatial/ducret-traceability-evaluation-v18/dataset/localization_ground_truth_masks/log75_board10.png
log76_board1,log76,1,2732,2315,747,222,3479,2537,747,222,3.36486486,0,0,4624,3468,/home/sshirodk/Documents/Biomtrace-new/matching/spatial/ducret-autun-t2-virtual-sawn-full-similarity/seg/log76_board1.jpg,/home/sshirodk/Documents/Biomtrace-new/matching/spatial/ducret-traceability-evaluation-v18/dataset/localization_ground_truth_masks/log76_board1.png
log76_board2,log76,2,3592,1757,172,622,3764,2379,622,172,3.61627907,0,0,4624,3468,/home/sshirodk/Documents/Biomtrace-new/matching/spatial/ducret-autun-t2-virtual-sawn-full-similarity/seg/log76_board2.jpg,/home/sshirodk/Documents/Biomtrace-new/matching/spatial/ducret-traceability-evaluation-v18/dataset/localization_ground_truth_masks/log76_board2.png
log76_board3,log76,3,3040,2140,200,793,3240,2933,793,200,3.96500000,0,0,4624,3468,/home/sshirodk/Documents/Biomtrace-new/matching/spatial/ducret-autun-t2-virtual-sawn-full-similarity/seg/log76_board3.jpg,/home/sshirodk/Documents/Biomtrace-new/matching/spatial/ducret-traceability-evaluation-v18/dataset/localization_ground_truth_masks/log76_board3.png
log76_board4,log76,4,3088,1362,358,757,3446,2119,757,358,2.11452514,90,270,4624,3468,/home/sshirodk/Documents/Biomtrace-new/matching/spatial/ducret-autun-t2-virtual-sawn-full-similarity/seg/log76_board4.jpg,/home/sshirodk/Documents/Biomtrace-new/matching/spatial/ducret-traceability-evaluation-v18/dataset/localization_ground_truth_masks/log76_board4.png
log76_board5,log76,5,2473,1278,230,745,2703,2023,745,230,3.23913043,180,180,4624,3468,/home/sshirodk/Documents/Biomtrace-new/matching/spatial/ducret-autun-t2-virtual-sawn-full-similarity/seg/log76_board5.jpg,/home/sshirodk/Documents/Biomtrace-new/matching/spatial/ducret-traceability-evaluation-v18/dataset/localization_ground_truth_masks/log76_board5.png
log76_board6,log76,6,2560,1517,199,762,2759,2279,762,199,3.82914573,180,180,4624,3468,/home/sshirodk/Documents/Biomtrace-new/matching/spatial/ducret-autun-t2-virtual-sawn-full-similarity/seg/log76_board6.jpg,/home/sshirodk/Documents/Biomtrace-new/matching/spatial/ducret-traceability-evaluation-v18/dataset/localization_ground_truth_masks/log76_board6.png
log76_board7,log76,7,3243,1593,202,786,3445,2379,786,202,3.89108911,90,270,4624,3468,/home/sshirodk/Documents/Biomtrace-new/matching/spatial/ducret-autun-t2-virtual-sawn-full-similarity/seg/log76_board7.jpg,/home/sshirodk/Documents/Biomtrace-new/matching/spatial/ducret-traceability-evaluation-v18/dataset/localization_ground_truth_masks/log76_board7.png
log76_board8,log76,8,2262,1720,296,654,2558,2374,654,296,2.20945946,180,180,4624,3468,/home/sshirodk/Documents/Biomtrace-new/matching/spatial/ducret-autun-t2-virtual-sawn-full-similarity/seg/log76_board8.jpg,/home/sshirodk/Documents/Biomtrace-new/matching/spatial/ducret-traceability-evaluation-v18/dataset/localization_ground_truth_masks/log76_board8.png
log76_board9,log76,9,2865,1716,760,246,3625,1962,760,246,3.08943089,0,0,4624,3468,/home/sshirodk/Documents/Biomtrace-new/matching/spatial/ducret-autun-t2-virtual-sawn-full-similarity/seg/log76_board9.jpg,/home/sshirodk/Documents/Biomtrace-new/matching/spatial/ducret-traceability-evaluation-v18/dataset/localization_ground_truth_masks/log76_board9.png
log76_board10,log76,10,2406,2517,647,190,3053,2707,647,190,3.40526316,0,0,4624,3468,/home/sshirodk/Documents/Biomtrace-new/matching/spatial/ducret-autun-t2-virtual-sawn-full-similarity/seg/log76_board10.jpg,/home/sshirodk/Documents/Biomtrace-new/matching/spatial/ducret-traceability-evaluation-v18/dataset/localization_ground_truth_masks/log76_board10.png
log77_board1,log77,1,1117,944,989,442,2106,1386,989,442,2.23755656,90,270,4624,3468,/home/sshirodk/Documents/Biomtrace-new/matching/spatial/ducret-autun-t2-virtual-sawn-full-similarity/seg/log77_board1.jpg,/home/sshirodk/Documents/Biomtrace-new/matching/spatial/ducret-traceability-evaluation-v18/dataset/localization_ground_truth_masks/log77_board1.png
log77_board2,log77,2,1741,1252,998,373,2739,1625,998,373,2.67560322,270,90,4624,3468,/home/sshirodk/Documents/Biomtrace-new/matching/spatial/ducret-autun-t2-virtual-sawn-full-similarity/seg/log77_board2.jpg,/home/sshirodk/Documents/Biomtrace-new/matching/spatial/ducret-traceability-evaluation-v18/dataset/localization_ground_truth_masks/log77_board2.png
log77_board3,log77,3,2317,919,788,303,3105,1222,788,303,2.60066007,180,180,4624,3468,/home/sshirodk/Documents/Biomtrace-new/matching/spatial/ducret-autun-t2-virtual-sawn-full-similarity/seg/log77_board3.jpg,/home/sshirodk/Documents/Biomtrace-new/matching/spatial/ducret-traceability-evaluation-v18/dataset/localization_ground_truth_masks/log77_board3.png
log77_board4,log77,4,1413,1104,812,220,2225,1324,812,220,3.69090909,90,270,4624,3468,/home/sshirodk/Documents/Biomtrace-new/matching/spatial/ducret-autun-t2-virtual-sawn-full-similarity/seg/log77_board4.jpg,/home/sshirodk/Documents/Biomtrace-new/matching/spatial/ducret-traceability-evaluation-v18/dataset/localization_ground_truth_masks/log77_board4.png
log77_board5,log77,5,1752,1906,840,330,2592,2236,840,330,2.54545455,180,180,4624,3468,/home/sshirodk/Documents/Biomtrace-new/matching/spatial/ducret-autun-t2-virtual-sawn-full-similarity/seg/log77_board5.jpg,/home/sshirodk/Documents/Biomtrace-new/matching/spatial/ducret-traceability-evaluation-v18/dataset/localization_ground_truth_masks/log77_board5.png
log77_board6,log77,6,1404,894,998,259,2402,1153,998,259,3.85328185,90,270,4624,3468,/home/sshirodk/Documents/Biomtrace-new/matching/spatial/ducret-autun-t2-virtual-sawn-full-similarity/seg/log77_board6.jpg,/home/sshirodk/Documents/Biomtrace-new/matching/spatial/ducret-traceability-evaluation-v18/dataset/localization_ground_truth_masks/log77_board6.png
log77_board7,log77,7,1692,1989,873,307,2565,2296,873,307,2.84364821,270,90,4624,3468,/home/sshirodk/Documents/Biomtrace-new/matching/spatial/ducret-autun-t2-virtual-sawn-full-similarity/seg/log77_board7.jpg,/home/sshirodk/Documents/Biomtrace-new/matching/spatial/ducret-traceability-evaluation-v18/dataset/localization_ground_truth_masks/log77_board7.png
log77_board8,log77,8,1636,1659,285,930,1921,2589,930,285,3.26315789,180,180,4624,3468,/home/sshirodk/Documents/Biomtrace-new/matching/spatial/ducret-autun-t2-virtual-sawn-full-similarity/seg/log77_board8.jpg,/home/sshirodk/Documents/Biomtrace-new/matching/spatial/ducret-traceability-evaluation-v18/dataset/localization_ground_truth_masks/log77_board8.png
log77_board9,log77,9,1073,744,403,1001,1476,1745,1001,403,2.48387097,270,90,4624,3468,/home/sshirodk/Documents/Biomtrace-new/matching/spatial/ducret-autun-t2-virtual-sawn-full-similarity/seg/log77_board9.jpg,/home/sshirodk/Documents/Biomtrace-new/matching/spatial/ducret-traceability-evaluation-v18/dataset/localization_ground_truth_masks/log77_board9.png
log77_board10,log77,10,1109,2243,855,216,1964,2459,855,216,3.95833333,0,0,4624,3468,/home/sshirodk/Documents/Biomtrace-new/matching/spatial/ducret-autun-t2-virtual-sawn-full-similarity/seg/log77_board10.jpg,/home/sshirodk/Documents/Biomtrace-new/matching/spatial/ducret-traceability-evaluation-v18/dataset/localization_ground_truth_masks/log77_board10.png
log78_board1,log78,1,2282,1670,350,878,2632,2548,878,350,2.50857143,0,0,4624,3468,/home/sshirodk/Documents/Biomtrace-new/matching/spatial/ducret-autun-t2-virtual-sawn-full-similarity/seg/log78_board1.jpg,/home/sshirodk/Documents/Biomtrace-new/matching/spatial/ducret-traceability-evaluation-v18/dataset/localization_ground_truth_masks/log78_board1.png
log78_board2,log78,2,2756,550,919,244,3675,794,919,244,3.76639344,90,270,4624,3468,/home/sshirodk/Documents/Biomtrace-new/matching/spatial/ducret-autun-t2-virtual-sawn-full-similarity/seg/log78_board2.jpg,/home/sshirodk/Documents/Biomtrace-new/matching/spatial/ducret-traceability-evaluation-v18/dataset/localization_ground_truth_masks/log78_board2.png
log78_board3,log78,3,3313,658,263,861,3576,1519,861,263,3.27376426,90,270,4624,3468,/home/sshirodk/Documents/Biomtrace-new/matching/spatial/ducret-autun-t2-virtual-sawn-full-similarity/seg/log78_board3.jpg,/home/sshirodk/Documents/Biomtrace-new/matching/spatial/ducret-traceability-evaluation-v18/dataset/localization_ground_truth_masks/log78_board3.png
log78_board4,log78,4,2506,1575,834,226,3340,1801,834,226,3.69026549,0,0,4624,3468,/home/sshirodk/Documents/Biomtrace-new/matching/spatial/ducret-autun-t2-virtual-sawn-full-similarity/seg/log78_board4.jpg,/home/sshirodk/Documents/Biomtrace-new/matching/spatial/ducret-traceability-evaluation-v18/dataset/localization_ground_truth_masks/log78_board4.png
log78_board5,log78,5,2430,1485,960,460,3390,1945,960,460,2.08695652,180,180,4624,3468,/home/sshirodk/Documents/Biomtrace-new/matching/spatial/ducret-autun-t2-virtual-sawn-full-similarity/seg/log78_board5.jpg,/home/sshirodk/Documents/Biomtrace-new/matching/spatial/ducret-traceability-evaluation-v18/dataset/localization_ground_truth_masks/log78_board5.png
log78_board6,log78,6,3455,671,339,1013,3794,1684,1013,339,2.98820059,270,90,4624,3468,/home/sshirodk/Documents/Biomtrace-new/matching/spatial/ducret-autun-t2-virtual-sawn-full-similarity/seg/log78_board6.jpg,/home/sshirodk/Documents/Biomtrace-new/matching/spatial/ducret-traceability-evaluation-v18/dataset/localization_ground_truth_masks/log78_board6.png
log78_board7,log78,7,2315,825,944,252,3259,1077,944,252,3.74603175,90,270,4624,3468,/home/sshirodk/Documents/Biomtrace-new/matching/spatial/ducret-autun-t2-virtual-sawn-full-similarity/seg/log78_board7.jpg,/home/sshirodk/Documents/Biomtrace-new/matching/spatial/ducret-traceability-evaluation-v18/dataset/localization_ground_truth_masks/log78_board7.png
log78_board8,log78,8,3767,1557,246,876,4013,2433,876,246,3.56097561,90,270,4624,3468,/home/sshirodk/Documents/Biomtrace-new/matching/spatial/ducret-autun-t2-virtual-sawn-full-similarity/seg/log78_board8.jpg,/home/sshirodk/Documents/Biomtrace-new/matching/spatial/ducret-traceability-evaluation-v18/dataset/localization_ground_truth_masks/log78_board8.png
log78_board9,log78,9,3069,1277,894,349,3963,1626,894,349,2.56160458,0,0,4624,3468,/home/sshirodk/Documents/Biomtrace-new/matching/spatial/ducret-autun-t2-virtual-sawn-full-similarity/seg/log78_board9.jpg,/home/sshirodk/Documents/Biomtrace-new/matching/spatial/ducret-traceability-evaluation-v18/dataset/localization_ground_truth_masks/log78_board9.png
log78_board10,log78,10,2768,685,1056,309,3824,994,1056,309,3.41747573,0,0,4624,3468,/home/sshirodk/Documents/Biomtrace-new/matching/spatial/ducret-autun-t2-virtual-sawn-full-similarity/seg/log78_board10.jpg,/home/sshirodk/Documents/Biomtrace-new/matching/spatial/ducret-traceability-evaluation-v18/dataset/localization_ground_truth_masks/log78_board10.png
log79_board1,log79,1,3588,1602,182,618,3770,2220,618,182,3.39560440,270,90,4624,3468,/home/sshirodk/Documents/Biomtrace-new/matching/spatial/ducret-autun-t2-virtual-sawn-full-similarity/seg/log79_board1.jpg,/home/sshirodk/Documents/Biomtrace-new/matching/spatial/ducret-traceability-evaluation-v18/dataset/localization_ground_truth_masks/log79_board1.png
log79_board2,log79,2,2334,1844,648,293,2982,2137,648,293,2.21160410,90,270,4624,3468,/home/sshirodk/Documents/Biomtrace-new/matching/spatial/ducret-autun-t2-virtual-sawn-full-similarity/seg/log79_board2.jpg,/home/sshirodk/Documents/Biomtrace-new/matching/spatial/ducret-traceability-evaluation-v18/dataset/localization_ground_truth_masks/log79_board2.png
log79_board3,log79,3,2755,1994,773,345,3528,2339,773,345,2.24057971,180,180,4624,3468,/home/sshirodk/Documents/Biomtrace-new/matching/spatial/ducret-autun-t2-virtual-sawn-full-similarity/seg/log79_board3.jpg,/home/sshirodk/Documents/Biomtrace-new/matching/spatial/ducret-traceability-evaluation-v18/dataset/localization_ground_truth_masks/log79_board3.png
log79_board4,log79,4,2377,1842,773,243,3150,2085,773,243,3.18106996,270,90,4624,3468,/home/sshirodk/Documents/Biomtrace-new/matching/spatial/ducret-autun-t2-virtual-sawn-full-similarity/seg/log79_board4.jpg,/home/sshirodk/Documents/Biomtrace-new/matching/spatial/ducret-traceability-evaluation-v18/dataset/localization_ground_truth_masks/log79_board4.png
log79_board5,log79,5,2567,1253,183,688,2750,1941,688,183,3.75956284,0,0,4624,3468,/home/sshirodk/Documents/Biomtrace-new/matching/spatial/ducret-autun-t2-virtual-sawn-full-similarity/seg/log79_board5.jpg,/home/sshirodk/Documents/Biomtrace-new/matching/spatial/ducret-traceability-evaluation-v18/dataset/localization_ground_truth_masks/log79_board5.png
log79_board6,log79,6,2685,1836,335,702,3020,2538,702,335,2.09552239,270,90,4624,3468,/home/sshirodk/Documents/Biomtrace-new/matching/spatial/ducret-autun-t2-virtual-sawn-full-similarity/seg/log79_board6.jpg,/home/sshirodk/Documents/Biomtrace-new/matching/spatial/ducret-traceability-evaluation-v18/dataset/localization_ground_truth_masks/log79_board6.png
log79_board7,log79,7,2476,1486,648,175,3124,1661,648,175,3.70285714,90,270,4624,3468,/home/sshirodk/Documents/Biomtrace-new/matching/spatial/ducret-autun-t2-virtual-sawn-full-similarity/seg/log79_board7.jpg,/home/sshirodk/Documents/Biomtrace-new/matching/spatial/ducret-traceability-evaluation-v18/dataset/localization_ground_truth_masks/log79_board7.png
log79_board8,log79,8,2760,1201,259,635,3019,1836,635,259,2.45173745,270,90,4624,3468,/home/sshirodk/Documents/Biomtrace-new/matching/spatial/ducret-autun-t2-virtual-sawn-full-similarity/seg/log79_board8.jpg,/home/sshirodk/Documents/Biomtrace-new/matching/spatial/ducret-traceability-evaluation-v18/dataset/localization_ground_truth_masks/log79_board8.png
log79_board9,log79,9,2361,1190,260,616,2621,1806,616,260,2.36923077,0,0,4624,3468,/home/sshirodk/Documents/Biomtrace-new/matching/spatial/ducret-autun-t2-virtual-sawn-full-similarity/seg/log79_board9.jpg,/home/sshirodk/Documents/Biomtrace-new/matching/spatial/ducret-traceability-evaluation-v18/dataset/localization_ground_truth_masks/log79_board9.png
log79_board10,log79,10,3562,1582,219,703,3781,2285,703,219,3.21004566,0,0,4624,3468,/home/sshirodk/Documents/Biomtrace-new/matching/spatial/ducret-autun-t2-virtual-sawn-full-similarity/seg/log79_board10.jpg,/home/sshirodk/Documents/Biomtrace-new/matching/spatial/ducret-traceability-evaluation-v18/dataset/localization_ground_truth_masks/log79_board10.png
log80_board1,log80,1,2435,1145,758,320,3193,1465,758,320,2.36875000,180,180,4624,3468,/home/sshirodk/Documents/Biomtrace-new/matching/spatial/ducret-autun-t2-virtual-sawn-full-similarity/seg/log80_board1.jpg,/home/sshirodk/Documents/Biomtrace-new/matching/spatial/ducret-traceability-evaluation-v18/dataset/localization_ground_truth_masks/log80_board1.png
log80_board2,log80,2,3304,1052,961,241,4265,1293,961,241,3.98755187,0,0,4624,3468,/home/sshirodk/Documents/Biomtrace-new/matching/spatial/ducret-autun-t2-virtual-sawn-full-similarity/seg/log80_board2.jpg,/home/sshirodk/Documents/Biomtrace-new/matching/spatial/ducret-traceability-evaluation-v18/dataset/localization_ground_truth_masks/log80_board2.png
log80_board3,log80,3,3175,1142,331,872,3506,2014,872,331,2.63444109,0,0,4624,3468,/home/sshirodk/Documents/Biomtrace-new/matching/spatial/ducret-autun-t2-virtual-sawn-full-similarity/seg/log80_board3.jpg,/home/sshirodk/Documents/Biomtrace-new/matching/spatial/ducret-traceability-evaluation-v18/dataset/localization_ground_truth_masks/log80_board3.png
log80_board4,log80,4,3193,2072,806,305,3999,2377,806,305,2.64262295,180,180,4624,3468,/home/sshirodk/Documents/Biomtrace-new/matching/spatial/ducret-autun-t2-virtual-sawn-full-similarity/seg/log80_board4.jpg,/home/sshirodk/Documents/Biomtrace-new/matching/spatial/ducret-traceability-evaluation-v18/dataset/localization_ground_truth_masks/log80_board4.png
log80_board5,log80,5,2226,1763,972,279,3198,2042,972,279,3.48387097,180,180,4624,3468,/home/sshirodk/Documents/Biomtrace-new/matching/spatial/ducret-autun-t2-virtual-sawn-full-similarity/seg/log80_board5.jpg,/home/sshirodk/Documents/Biomtrace-new/matching/spatial/ducret-traceability-evaluation-v18/dataset/localization_ground_truth_masks/log80_board5.png
log80_board6,log80,6,2639,840,950,271,3589,1111,950,271,3.50553506,0,0,4624,3468,/home/sshirodk/Documents/Biomtrace-new/matching/spatial/ducret-autun-t2-virtual-sawn-full-similarity/seg/log80_board6.jpg,/home/sshirodk/Documents/Biomtrace-new/matching/spatial/ducret-traceability-evaluation-v18/dataset/localization_ground_truth_masks/log80_board6.png
log80_board7,log80,7,3035,985,445,893,3480,1878,893,445,2.00674157,180,180,4624,3468,/home/sshirodk/Documents/Biomtrace-new/matching/spatial/ducret-autun-t2-virtual-sawn-full-similarity/seg/log80_board7.jpg,/home/sshirodk/Documents/Biomtrace-new/matching/spatial/ducret-traceability-evaluation-v18/dataset/localization_ground_truth_masks/log80_board7.png
log80_board8,log80,8,2749,1452,902,349,3651,1801,902,349,2.58452722,0,0,4624,3468,/home/sshirodk/Documents/Biomtrace-new/matching/spatial/ducret-autun-t2-virtual-sawn-full-similarity/seg/log80_board8.jpg,/home/sshirodk/Documents/Biomtrace-new/matching/spatial/ducret-traceability-evaluation-v18/dataset/localization_ground_truth_masks/log80_board8.png
log80_board9,log80,9,2951,627,256,872,3207,1499,872,256,3.40625000,270,90,4624,3468,/home/sshirodk/Documents/Biomtrace-new/matching/spatial/ducret-autun-t2-virtual-sawn-full-similarity/seg/log80_board9.jpg,/home/sshirodk/Documents/Biomtrace-new/matching/spatial/ducret-traceability-evaluation-v18/dataset/localization_ground_truth_masks/log80_board9.png
log80_board10,log80,10,2746,855,325,961,3071,1816,961,325,2.95692308,270,90,4624,3468,/home/sshirodk/Documents/Biomtrace-new/matching/spatial/ducret-autun-t2-virtual-sawn-full-similarity/seg/log80_board10.jpg,/home/sshirodk/Documents/Biomtrace-new/matching/spatial/ducret-traceability-evaluation-v18/dataset/localization_ground_truth_masks/log80_board10.png
log81_board1,log81,1,1997,1478,631,171,2628,1649,631,171,3.69005848,90,270,4624,3468,/home/sshirodk/Documents/Biomtrace-new/matching/spatial/ducret-autun-t2-virtual-sawn-full-similarity/seg/log81_board1.jpg,/home/sshirodk/Documents/Biomtrace-new/matching/spatial/ducret-traceability-evaluation-v18/dataset/localization_ground_truth_masks/log81_board1.png
log81_board2,log81,2,1943,1048,606,218,2549,1266,606,218,2.77981651,270,90,4624,3468,/home/sshirodk/Documents/Biomtrace-new/matching/spatial/ducret-autun-t2-virtual-sawn-full-similarity/seg/log81_board2.jpg,/home/sshirodk/Documents/Biomtrace-new/matching/spatial/ducret-traceability-evaluation-v18/dataset/localization_ground_truth_masks/log81_board2.png
log81_board3,log81,3,2068,1197,269,582,2337,1779,582,269,2.16356877,90,270,4624,3468,/home/sshirodk/Documents/Biomtrace-new/matching/spatial/ducret-autun-t2-virtual-sawn-full-similarity/seg/log81_board3.jpg,/home/sshirodk/Documents/Biomtrace-new/matching/spatial/ducret-traceability-evaluation-v18/dataset/localization_ground_truth_masks/log81_board3.png
log81_board4,log81,4,2430,1517,224,612,2654,2129,612,224,2.73214286,0,0,4624,3468,/home/sshirodk/Documents/Biomtrace-new/matching/spatial/ducret-autun-t2-virtual-sawn-full-similarity/seg/log81_board4.jpg,/home/sshirodk/Documents/Biomtrace-new/matching/spatial/ducret-traceability-evaluation-v18/dataset/localization_ground_truth_masks/log81_board4.png
log81_board5,log81,5,2423,710,270,589,2693,1299,589,270,2.18148148,180,180,4624,3468,/home/sshirodk/Documents/Biomtrace-new/matching/spatial/ducret-autun-t2-virtual-sawn-full-similarity/seg/log81_board5.jpg,/home/sshirodk/Documents/Biomtrace-new/matching/spatial/ducret-traceability-evaluation-v18/dataset/localization_ground_truth_masks/log81_board5.png
log81_board6,log81,6,1961,1491,614,191,2575,1682,614,191,3.21465969,0,0,4624,3468,/home/sshirodk/Documents/Biomtrace-new/matching/spatial/ducret-autun-t2-virtual-sawn-full-similarity/seg/log81_board6.jpg,/home/sshirodk/Documents/Biomtrace-new/matching/spatial/ducret-traceability-evaluation-v18/dataset/localization_ground_truth_masks/log81_board6.png
log81_board7,log81,7,1703,972,196,748,1899,1720,748,196,3.81632653,0,0,4624,3468,/home/sshirodk/Documents/Biomtrace-new/matching/spatial/ducret-autun-t2-virtual-sawn-full-similarity/seg/log81_board7.jpg,/home/sshirodk/Documents/Biomtrace-new/matching/spatial/ducret-traceability-evaluation-v18/dataset/localization_ground_truth_masks/log81_board7.png
log81_board8,log81,8,1980,1325,702,185,2682,1510,702,185,3.79459459,0,0,4624,3468,/home/sshirodk/Documents/Biomtrace-new/matching/spatial/ducret-autun-t2-virtual-sawn-full-similarity/seg/log81_board8.jpg,/home/sshirodk/Documents/Biomtrace-new/matching/spatial/ducret-traceability-evaluation-v18/dataset/localization_ground_truth_masks/log81_board8.png
log81_board9,log81,9,2471,1178,247,626,2718,1804,626,247,2.53441296,180,180,4624,3468,/home/sshirodk/Documents/Biomtrace-new/matching/spatial/ducret-autun-t2-virtual-sawn-full-similarity/seg/log81_board9.jpg,/home/sshirodk/Documents/Biomtrace-new/matching/spatial/ducret-traceability-evaluation-v18/dataset/localization_ground_truth_masks/log81_board9.png
log81_board10,log81,10,1986,1585,283,717,2269,2302,717,283,2.53356890,0,0,4624,3468,/home/sshirodk/Documents/Biomtrace-new/matching/spatial/ducret-autun-t2-virtual-sawn-full-similarity/seg/log81_board10.jpg,/home/sshirodk/Documents/Biomtrace-new/matching/spatial/ducret-traceability-evaluation-v18/dataset/localization_ground_truth_masks/log81_board10.png
log82_board1,log82,1,2551,1969,360,730,2911,2699,730,360,2.02777778,180,180,4624,3468,/home/sshirodk/Documents/Biomtrace-new/matching/spatial/ducret-autun-t2-virtual-sawn-full-similarity/seg/log82_board1.jpg,/home/sshirodk/Documents/Biomtrace-new/matching/spatial/ducret-traceability-evaluation-v18/dataset/localization_ground_truth_masks/log82_board1.png
log82_board2,log82,2,1963,1690,243,681,2206,2371,681,243,2.80246914,0,0,4624,3468,/home/sshirodk/Documents/Biomtrace-new/matching/spatial/ducret-autun-t2-virtual-sawn-full-similarity/seg/log82_board2.jpg,/home/sshirodk/Documents/Biomtrace-new/matching/spatial/ducret-traceability-evaluation-v18/dataset/localization_ground_truth_masks/log82_board2.png
log82_board3,log82,3,2492,1571,228,644,2720,2215,644,228,2.82456140,270,90,4624,3468,/home/sshirodk/Documents/Biomtrace-new/matching/spatial/ducret-autun-t2-virtual-sawn-full-similarity/seg/log82_board3.jpg,/home/sshirodk/Documents/Biomtrace-new/matching/spatial/ducret-traceability-evaluation-v18/dataset/localization_ground_truth_masks/log82_board3.png
log82_board4,log82,4,2626,2689,593,168,3219,2857,593,168,3.52976190,0,0,4624,3468,/home/sshirodk/Documents/Biomtrace-new/matching/spatial/ducret-autun-t2-virtual-sawn-full-similarity/seg/log82_board4.jpg,/home/sshirodk/Documents/Biomtrace-new/matching/spatial/ducret-traceability-evaluation-v18/dataset/localization_ground_truth_masks/log82_board4.png
log82_board5,log82,5,2341,2240,185,722,2526,2962,722,185,3.90270270,270,90,4624,3468,/home/sshirodk/Documents/Biomtrace-new/matching/spatial/ducret-autun-t2-virtual-sawn-full-similarity/seg/log82_board5.jpg,/home/sshirodk/Documents/Biomtrace-new/matching/spatial/ducret-traceability-evaluation-v18/dataset/localization_ground_truth_masks/log82_board5.png
log82_board6,log82,6,1964,2027,694,214,2658,2241,694,214,3.24299065,0,0,4624,3468,/home/sshirodk/Documents/Biomtrace-new/matching/spatial/ducret-autun-t2-virtual-sawn-full-similarity/seg/log82_board6.jpg,/home/sshirodk/Documents/Biomtrace-new/matching/spatial/ducret-traceability-evaluation-v18/dataset/localization_ground_truth_masks/log82_board6.png
log82_board7,log82,7,2032,2164,241,728,2273,2892,728,241,3.02074689,270,90,4624,3468,/home/sshirodk/Documents/Biomtrace-new/matching/spatial/ducret-autun-t2-virtual-sawn-full-similarity/seg/log82_board7.jpg,/home/sshirodk/Documents/Biomtrace-new/matching/spatial/ducret-traceability-evaluation-v18/dataset/localization_ground_truth_masks/log82_board7.png
log82_board8,log82,8,1968,2291,751,198,2719,2489,751,198,3.79292929,90,270,4624,3468,/home/sshirodk/Documents/Biomtrace-new/matching/spatial/ducret-autun-t2-virtual-sawn-full-similarity/seg/log82_board8.jpg,/home/sshirodk/Documents/Biomtrace-new/matching/spatial/ducret-traceability-evaluation-v18/dataset/localization_ground_truth_masks/log82_board8.png
log82_board9,log82,9,2594,2293,610,203,3204,2496,610,203,3.00492611,270,90,4624,3468,/home/sshirodk/Documents/Biomtrace-new/matching/spatial/ducret-autun-t2-virtual-sawn-full-similarity/seg/log82_board9.jpg,/home/sshirodk/Documents/Biomtrace-new/matching/spatial/ducret-traceability-evaluation-v18/dataset/localization_ground_truth_masks/log82_board9.png
log82_board10,log82,10,2111,1924,193,634,2304,2558,634,193,3.28497409,270,90,4624,3468,/home/sshirodk/Documents/Biomtrace-new/matching/spatial/ducret-autun-t2-virtual-sawn-full-similarity/seg/log82_board10.jpg,/home/sshirodk/Documents/Biomtrace-new/matching/spatial/ducret-traceability-evaluation-v18/dataset/localization_ground_truth_masks/log82_board10.png
